Scene,Scene ID,H_00,H_01,H_02,H_10,H_11,H_12,H_20,H_21,H_22
A&W1,DSC_0551.NEF,-0.9976317127393489,-0.0026408597078844153,4486.949559114862,0.007590116608045531,-1.0045831134933947,2849.245602268364,3.4565076814450566e-06,3.2941606453364003e-07,1.0
A&W1,DSC_0554.NEF,-0.9979309857967734,-0.004431120126595263,4490.200563925314,0.00972314512410141,-1.004786298098328,2858.671602503442,3.5262273642695237e-06,2.414013182611067e-07,1.0
A&W1,DSC_0556.NEF,-0.998155895035617,-0.0030654417510004254,4489.601118318699,0.008473800938493545,-1.0045185236093885,2858.734033575907,3.5246239230176617e-06,5.491594939879702e-07,1.0
A&W1,DSC_0559.NEF,-0.9980153695197825,-0.0030835975061947406,4488.899908732623,0.008584449033308305,-1.004283314781431,2859.8292907468976,3.433157042738033e-06,5.872153138566996e-07,1.0
A&W1,DSC_0562.NEF,-0.9979178794011873,-0.0032375838463219453,4487.31098650782,0.008315407724560107,-1.003972398475198,2864.6667999566253,3.3042411009672427e-06,5.242972026668404e-07,0.9999999999999999
A&W1,DSC_0566.NEF,-0.9969622481210133,-0.004159329852279872,4483.293990864976,0.008299342484278532,-1.0035415764930897,2863.270256269842,2.84679920895631e-06,8.852918081235105e-08,1.0
A&W1,DSC_0573.NEF,-0.9989987020229036,-0.003414098974663862,4491.755239170161,0.009439775791737047,-1.0050092924282605,2872.2907995685614,3.6369530009301928e-06,4.885741242932715e-07,0.9999999999999999
A&W1,DSC_0583.NEF,-0.9979603175561362,-0.0019700445065066775,4488.3607388569335,0.0075155828152684515,-1.004542163659088,2853.8401625406755,3.5967428948848404e-06,4.936731404791417e-07,1.0
A&W1,DSC_0584.NEF,-0.99736220690849,-0.0030345643367191816,4485.855808422236,0.007085043242668585,-1.003560640580436,2850.7507207667745,3.18472823314642e-06,2.6286484118593405e-07,1.0
A&W1,DSC_0587.NEF,-0.997439582124994,-0.003764004792011821,4492.145147985168,0.008730888397042768,-1.0074794545326546,2858.7888501495595,4.5612790067531564e-06,-2.2463846577648187e-07,1.0
A&W1,DSC_0589.NEF,-0.9973612049141001,-0.0031418505244256018,4485.879902081867,0.007220910626872082,-1.0033998780674769,2850.5436028448394,3.1902904367928e-06,2.0366202237730417e-07,1.0
A&W1,DSC_0590.NEF,-0.9976056053369786,-0.0023875800961379837,4487.399135995233,0.007058888544405996,-1.0040988381979206,2855.443165605521,3.365680828920818e-06,3.7974587211938284e-07,1.0
A&W1,DSC_0591.NEF,-0.9970987572555056,-0.003585095195928191,4489.191034764568,0.00836343087729167,-1.005446131403374,2851.4239141621215,3.826998134542803e-06,6.145615461037671e-08,1.0
A&W1,DSC_0594.NEF,-0.9975426208260452,-0.002455915829024738,4486.565302936337,0.006551548771398206,-1.0032931161017817,2852.471940288042,3.1527924858971746e-06,4.2940797551895257e-07,1.0
A&W1,DSC_0595.NEF,-0.9977448891276383,-0.002853425309770881,4487.7227252221155,0.007476540598582629,-1.0044128830521828,2850.827432684707,3.466797236736758e-06,2.422238703424368e-07,0.9999999999999999
A&W1,DSC_0596.NEF,-0.9975253517512245,-0.002931206104577014,4488.17454823583,0.007696462972726014,-1.0045105844656468,2850.9916915188332,3.4608970823097705e-06,3.185633894257306e-07,1.0
A&W1,DSC_0598.NEF,-0.9965235523757777,-0.0035481443528131793,4484.1325120776855,0.0073162845821803145,-1.0041001633570847,2847.8900616009873,3.1647206583153103e-06,-1.3696552611438824e-07,1.0
A&W1,DSC_0599.NEF,-0.9976604337247289,-0.0024131857366867615,4487.709884138658,0.007167453726261395,-1.004242890947226,2851.1085395161344,3.417115686104762e-06,3.323369920243254e-07,0.9999999999999999
A&W1,DSC_0600.NEF,-0.9978841940592866,-0.0023620937255770216,4488.784210929121,0.0073514877344238675,-1.0044320626013785,2850.4075559404596,3.5168114289624614e-06,4.32111121489963e-07,0.9999999999999999
A&W1,DSC_0601.NEF,-0.9974164740048574,-0.0027026473715120263,4486.806327833464,0.006987796765783863,-1.004169249322385,2846.140675503204,3.3993352826169272e-06,1.6122603808421945e-07,1.0
A&W1,DSC_0602.NEF,-0.9982335700204044,-0.002027453880712254,4490.279956290962,0.007473014583448781,-1.0049498699887407,2848.85512986588,3.7051544452071495e-06,5.295660992194036e-07,1.0
A&W1,DSC_0603.NEF,-0.9950863731458053,-0.005277527905447243,4482.687509419744,0.0065946345440734645,-1.0031963548316398,2847.189847026834,3.4039070175166194e-06,-8.459726671571466e-07,1.0
A&W1,DSC_0605.NEF,-0.9973221181207642,-0.0022907936181901043,4486.070175629313,0.006677496351245665,-1.0040843814681775,2848.208030393148,3.3570188079155024e-06,2.101930125424351e-07,0.9999999999999999
A&W1,DSC_0606.NEF,-0.9974188593455203,-0.0019692800708837797,4486.954173421515,0.007142036390626702,-1.0042923713465577,2853.465379716849,3.4636324707397202e-06,3.684761094190725e-07,0.9999999999999999
A&W1,DSC_0607.NEF,-0.9969991511315616,-0.002931317679842944,4484.828560641117,0.007317473382041741,-1.0040663546984483,2847.9869339864536,3.1864749499310607e-06,4.5452316671591675e-08,1.0
A&W1,DSC_0609.NEF,-0.9975519146227763,-0.0027901953345963243,4488.286679653421,0.007232205487047921,-1.0045079702690414,2848.5532147330123,3.476261843164545e-06,2.1348301023657605e-07,1.0
A&W1,DSC_0610.NEF,-0.9979887274317025,-0.002590164300668346,4489.385280216381,0.0070113805610462964,-1.0046795535731161,2850.483182567055,3.5564737875015338e-06,2.7720615274906305e-07,1.0
A&W1,DSC_0611.NEF,-0.997536952389994,-0.0022973768066663377,4487.212372456925,0.007155302244402611,-1.0041714039303036,2848.087875262448,3.45574532771239e-06,2.859542809395419e-07,1.0
A&W1,DSC_0612.NEF,-0.9974354680657488,-0.002686543702762168,4487.577156058903,0.007195103251570305,-1.004195246290413,2848.991286420337,3.4049709660810415e-06,3.0651751628762926e-07,0.9999999999999999
A&W1,DSC_0614.NEF,-0.9973517589625401,-0.002365574381386349,4486.88718970603,0.006745011023348086,-1.0041934241675965,2850.4851856695313,3.4331791982900954e-06,1.9156949227800373e-07,1.0
A&W1,DSC_0615.NEF,-0.9972008141982519,-0.002178642703667686,4484.672113080822,0.00554733899282776,-1.0030913868880835,2850.1429378206417,3.0645082813434125e-06,3.0285013457617907e-07,1.0
A&W1,DSC_0623.NEF,-0.9975574590050598,-0.0021209255817134206,4486.972934837648,0.006638659415128034,-1.0038586635762707,2852.913441548699,3.3049151921601552e-06,3.738949694044642e-07,1.0
A&W1,DSC_0626.NEF,-0.9972151652770782,-0.0027289897079560933,4485.732871984798,0.006911870877038382,-1.0039664505502128,2849.6885362112844,3.2680105191589716e-06,1.3274849723378869e-07,1.0
A&W1,DSC_0628.NEF,-0.9978576022221043,-0.0020991402761135524,4488.3324155097,0.006726697454337337,-1.0040420592952803,2851.880348648046,3.3908969043078277e-06,5.198498523945523e-07,1.0
A&W1,DSC_0629.NEF,-0.9977703478127027,-0.0021496166597745007,4488.361023627773,0.007356603101202772,-1.0042449741160346,2851.454029861921,3.495619383957048e-06,4.800540044839465e-07,0.9999999999999999
A&W1,DSC_0630.NEF,-0.9977137552389824,-0.0025878676213665127,4488.504434000033,0.0074464849554951125,-1.0042905903482242,2851.043560275584,3.4856612890240003e-06,3.1860479121801556e-07,1.0
A&W1,DSC_0631.NEF,-0.9979061954929438,-0.001544185851586993,4488.502541873959,0.007191334872097299,-1.0041253714593812,2851.3762138027832,3.4825352609555083e-06,6.988605381341615e-07,1.0
A&W1,DSC_0632.NEF,-0.9972925449633872,-0.0030851213218624557,4485.967258340996,0.006566494581973453,-1.0031178339559113,2849.201454015486,3.0955457346440546e-06,1.9349840282858648e-07,1.0
A&W1,DSC_0633.NEF,-0.9962568349184183,-0.003710579286236506,4481.164726894801,0.0057834081121684025,-1.0013246633406947,2847.8979207172474,2.590369070484013e-06,-1.425550434210734e-07,1.0
A&W1,DSC_0634.NEF,-0.9964846121140168,-0.0038614541248405366,4486.463639395265,0.007867183760669472,-1.0048647068855117,2848.760831628832,3.553716058952591e-06,-1.8515236087449807e-07,1.0
A&W1,DSC_0635.NEF,-0.997531062192593,-0.0027607579683845275,4488.0718686742475,0.0074437244991025974,-1.0043236892358067,2851.512334034855,3.4679841256733666e-06,1.8339037507226055e-07,1.0
A&W1,DSC_0637.NEF,-0.9968631751786091,-0.0032023551748553694,4486.138299881281,0.007872671627331714,-1.004763580568855,2852.2061934841327,3.387062920537492e-06,-2.5328934189559436e-08,1.0
A&W1,DSC_0638.NEF,-0.9976362133773785,-0.0025241992842459943,4487.8858193299375,0.007071521237525502,-1.0043304662550114,2853.8042702957287,3.4207549790008595e-06,2.448276500986955e-07,1.0
A&W1,DSC_0639.NEF,-0.9977371905690017,-0.002165792347409628,4487.955535536428,0.00722974734397902,-1.0042760383546456,2853.2804281107556,3.4527165341831912e-06,4.4315545530911635e-07,0.9999999999999999
A&W1,DSC_0640.NEF,-0.9984702559986183,-0.0026901649106767437,4491.912767741125,0.007383395889952031,-1.005017756883685,2855.9099414348207,3.6886326997651573e-06,3.363283928917849e-07,1.0
A&W1,DSC_0641.NEF,-0.9975792344709258,-0.0024218152386191205,4487.733579011837,0.007338370136098799,-1.004288009352209,2852.4153548465606,3.4426176730506415e-06,3.251902918358721e-07,1.0
A&W1,DSC_0647.NEF,-0.9963636032578417,-0.003760135829418229,4483.331367486744,0.006612952308159783,-1.002374659893813,2844.737255711077,2.706313155112162e-06,-5.373212222031967e-09,1.0
A&W1,DSC_0648.NEF,-0.9971636872806281,-0.0030388663505448218,4487.173042647214,0.007289749525410719,-1.0040720890781187,2848.7747507443933,3.3469377925506633e-06,8.733961888473526e-09,1.0
A&W1,DSC_0649.NEF,-0.9979353077443444,-0.0027526283753982516,4490.965245940573,0.007276642992247304,-1.0048995417045798,2848.7248303782253,3.7005183004068776e-06,1.1327928890934648e-07,0.9999999999999999
A&W1,DSC_0651.NEF,-0.9946908898767638,-0.005865501523314176,4482.571297871941,0.0065849151253045786,-1.002581074836049,2845.0613735225907,3.256820444547332e-06,-1.1521615469359125e-06,1.0
A&W1,DSC_0652.NEF,-0.9971230336241249,-0.0033413559158961136,4487.610254256529,0.007209763243044302,-1.0037480018802685,2847.8872844132025,3.2045271897839813e-06,1.3575033795125388e-07,1.0
A&W1,DSC_0653.NEF,-0.9965119611453784,-0.004433985189305091,4487.78602920574,0.008601559080832096,-1.00468353445655,2845.436742084731,3.4081029504739005e-06,-1.5285763126348994e-07,1.0
A&W1,DSC_0654.NEF,-0.9967862327073749,-0.005476607635221725,4493.364499734253,0.009367888387119841,-1.0039465422257292,2835.34222347828,3.3640675482185236e-06,-9.247888381345648e-08,1.0
A&W1,DSC_0676.NEF,-0.9954286664330753,-0.004836814454566487,4485.386916323427,0.006822353986301452,-1.0037759907423716,2827.010840809097,3.3539093753855935e-06,-6.650308321037963e-07,1.0
A&W1,DSC_0677.NEF,-0.9958679926704379,-0.004430360713387169,4487.389174306262,0.007584594970263384,-1.0045267281688408,2825.4119166631717,3.4793025016274777e-06,-3.7489335923033065e-07,1.0
A&W1,DSC_0678.NEF,-0.994545278004285,-0.006441582996981658,4486.40368274913,0.00771200037546052,-1.0046209499984673,2824.5611883215106,4.150527669692495e-06,-1.692818622157469e-06,1.0
A&W1,DSC_0679.NEF,-0.9934396021229643,-0.007754254346206082,4482.733522153419,0.006924037731815781,-1.003227543772363,2822.9825121419276,3.6697660560307665e-06,-2.0499928397400974e-06,0.9999999999999999
A&W1,DSC_0680.NEF,-0.9941464825281423,-0.006984349961982844,4485.179349204575,0.007102628378802344,-1.0033634105908118,2823.5759082297222,3.7165195859330124e-06,-1.6842219882869706e-06,1.0
A&W1,DSC_0681.NEF,-0.9962068101702425,-0.003956362674938796,4486.79069414436,0.006726566633972224,-1.003137524872509,2825.9116565963004,3.1775441795834625e-06,-2.5757275483348167e-07,1.0
A&W1,DSC_0682.NEF,-0.9973379400106607,-0.0028597927088834137,4490.3737786408265,0.007376936331432795,-1.0046397917161844,2831.0828767905214,3.596746228500823e-06,3.0654641686032795e-07,1.0
A&W1,DSC_0683.NEF,-0.9971929601318548,-0.0028642077343049225,4489.078295957302,0.006688026247308857,-1.004666399111689,2830.910834061939,3.3172825679143106e-06,2.9052789671160174e-07,1.0
A&W1,DSC_0684.NEF,-0.9986537666292892,-0.004576068327824031,4500.093785123153,0.007998087675469804,-1.0061494167154406,2829.736686351836,3.977467082206088e-06,1.6570913258385745e-07,1.0
A&W1,DSC_0685.NEF,-0.9964528232016671,-0.004174845338892031,4488.714911845999,0.00750789438335702,-1.0043066773503329,2824.874057382486,3.5381047769605176e-06,-3.2894103955642573e-07,1.0
A&W1,DSC_0688.NEF,-0.9957640837425314,-0.0052884650879304555,4489.548013038125,0.009287344484385831,-1.0059729704378624,2826.3323239005304,3.819357652924234e-06,-5.293028880126258e-07,1.0
A&W2,DSC_0719.NEF,-1.0061348906212215,0.0024040365896752865,4298.312837792191,0.0036759858501279052,-1.00115550640286,3108.4456239962515,-4.983601949518487e-07,3.969183533109027e-06,0.9999999999999999
A&W2,DSC_0720.NEF,-1.0052268945537257,0.002964739808027209,4292.581567024236,0.0025848752931643152,-0.9990428601283244,3106.812014221,-1.181101040641471e-06,4.1720192454817105e-06,1.0
A&W2,DSC_0721.NEF,-1.0036104850709167,0.0006632146626117715,4290.09441252935,0.0032670425950375825,-0.9990729479199676,3098.2982002655026,-1.0432834344607547e-06,3.135458014983159e-06,1.0
A&W2,DSC_0722.NEF,-1.002994179985985,-0.0024837512605957184,4293.686130760877,0.007899834629144231,-0.9980497273948471,3088.316958128382,-1.7547341269285322e-06,3.639672677960988e-06,1.0
A&W2,DSC_0723.NEF,-1.0029173453836095,-0.0023182340080318276,4291.0475927201305,0.00582105312695055,-0.9985628327693192,3100.611592197831,-1.0433622323089312e-06,1.8053643438660982e-06,1.0
A&W2,DSC_0724.NEF,-1.0043551331271496,-0.0009086400472609873,4297.144507689047,0.005474012701326266,-0.9996594878204832,3105.1601159987217,-1.0280383875001642e-06,3.3762991363863288e-06,1.0
A&W2,DSC_0725.NEF,-1.0041649353285822,-0.0003561468618830544,4295.769603092807,0.005710063833437244,-0.9998678456471853,3102.265931847413,-7.734893754224223e-07,3.3300168218926446e-06,1.0
A&W2,DSC_0726.NEF,-1.0042255694451974,-0.00011281251440271429,4295.79275506771,0.006167250513311369,-1.0009090372922596,3107.445227674812,-4.923524859471934e-07,3.1219912360577434e-06,0.9999999999999999
A&W2,DSC_0727.NEF,-1.0043206155816662,-0.0012089480646225437,4298.657247637114,0.006301212949971939,-0.9997832186488086,3099.7913976623204,-8.421150695383708e-07,3.4163272181832023e-06,1.0
A&W2,DSC_0728.NEF,-1.0059373123848936,4.36474644968689e-05,4302.334473526081,0.006648175459280572,-1.0004985956841266,3103.1887219599566,-9.078223337644807e-07,4.244870082484077e-06,1.0
A&W2,DSC_0729.NEF,-1.0040318050308816,-0.0008852668978575725,4296.621408414767,0.005123005763914747,-0.9987990107816755,3104.2500694404544,-1.0521789743288294e-06,3.4330213602946014e-06,1.0
A&W2,DSC_0730.NEF,-1.004531231138592,0.0011520901609365106,4294.32034423321,0.004554087186743035,-0.9981193898415495,3102.6586671747277,-1.6366700373251541e-06,4.565060513801385e-06,1.0
A&W2,DSC_0731.NEF,-1.0032893414555062,-0.0009345151735515457,4290.4855702488785,0.004507381436784616,-0.9967566591297868,3100.888340949237,-1.6951889642005432e-06,3.4242103426231e-06,1.0
A&W2,DSC_0732.NEF,-1.0056354400645748,-0.001122234872185912,4303.477998083685,0.007226688574099112,-1.0012439072310113,3104.246165784084,-2.808679297846592e-07,3.4546467819928443e-06,1.0
A&W2,DSC_0733.NEF,-1.0077052284831398,0.0013284964776929646,4308.093491105084,0.006913136375258904,-1.0006673069571441,3103.370705247645,-4.1247476584597936e-07,4.646512684255788e-06,1.0
A&W2,DSC_0734.NEF,-1.0028300698826034,-0.001555240380884425,4291.9516773997675,0.005707205442536526,-0.9990324213137519,3098.4773096933077,-1.3237179406619495e-06,3.2394085739820347e-06,0.9999999999999999
A&W2,DSC_0735.NEF,-1.0022506848304717,-0.0024311630000596034,4291.2058027915955,0.004468011812560252,-0.9972073039612426,3093.3122720707643,-1.7178332712133483e-06,2.6860674302359468e-06,1.0
A&W2,DSC_0736.NEF,-1.0047551922650901,2.48995311911071e-05,4297.514429163617,0.005671684701564093,-0.999926839681773,3099.2899684832187,-1.0578895189780937e-06,3.898488499413159e-06,0.9999999999999999
A&W2,DSC_0737.NEF,-1.0046607342539218,-0.001380809688458338,4301.579222457163,0.006628342629454192,-1.0010411182196461,3098.043679830644,-5.547015788956115e-07,3.281175784853177e-06,1.0
A&W2,DSC_0738.NEF,-1.004488295190611,-0.0013966506793308988,4300.767632987533,0.006222227421445797,-0.999465686098119,3096.77899560714,-8.130828227549531e-07,3.5014673273492317e-06,1.0
A&W2,DSC_0810.NEF,-1.0046125679497313,-0.00413650056020435,4299.945060036944,0.008494882827948217,-0.999163434355455,3092.026980119026,-9.916547463474914e-07,3.373285383701882e-06,1.0
A&W2,DSC_0811.NEF,-1.004623147810636,-0.003746023686681469,4300.572891314751,0.008967932110272778,-1.000366742213043,3095.6372229307776,-5.971754186453325e-07,3.432920440841644e-06,1.0
A&W2,DSC_0812.NEF,-1.0054516496523251,-0.00310834181847554,4301.3808363223525,0.009182360911889974,-1.0005580502299816,3095.951248791053,-6.972947561398003e-07,3.5658388396591396e-06,0.9999999999999999
A&W2,DSC_0813.NEF,-1.0036433727541991,-0.004037685385067335,4295.460479257816,0.007719148828547819,-0.9987571067418572,3093.2636002578392,-1.1890095299734805e-06,3.2441847041060394e-06,1.0
A&W2,DSC_0814.NEF,-1.0041767898734284,-0.0039485684655357,4297.9235925646,0.008033013465715262,-0.9985492088036301,3093.7657918937025,-1.1180134354000145e-06,3.388086603358789e-06,1.0
A&W2,DSC_0815.NEF,-1.0042914440493191,-0.006444108750511682,4301.715496153825,0.009651918302517503,-1.001426131201525,3095.74701561585,1.5915997086493967e-07,1.352437429115433e-06,0.9999999999999999
A&W2,DSC_0816.NEF,-1.0040946118700778,-0.004287016421252897,4297.919385494178,0.008329949997078338,-0.9994813386435941,3095.3675990986108,-8.687666154119863e-07,3.0945165619877844e-06,0.9999999999999999
A&W2,DSC_0817.NEF,-1.0037841751344385,-0.003531265389984754,4295.687243253316,0.007131933767048908,-0.9981850935112117,3095.4765844255926,-1.399257748154453e-06,3.760367955032961e-06,0.9999999999999999
A&W2,DSC_0819.NEF,-1.0048824334239945,-0.0026301227325445926,4298.0400664954705,0.009183783709261662,-0.9990926618110658,3091.6428786794504,-1.2865573670793214e-06,4.023051510997416e-06,1.0
A&W2,DSC_0820.NEF,-1.0056575207845098,-0.0029670660415253534,4302.4170124241355,0.00888030160754697,-0.9996514372679334,3098.3324898252163,-6.78079196782843e-07,3.770110292787459e-06,1.0
A&W2,DSC_0821.NEF,-1.0058949423999675,-0.002852396519287584,4303.994180324507,0.009297591909765278,-1.001237029604286,3100.7355547272587,-4.522163170532402e-07,3.854517894773524e-06,1.0
A&W3,DSC_0843.NEF,0.9794833155894189,0.015403405089875007,290.55308949924733,-0.024043354372862293,0.9901641975914187,30.053331898701252,-4.96370824931e-06,-3.4835541046565986e-07,0.9999999999999999
A&W3,DSC_0844.NEF,0.9795431529154162,0.016656276591144287,290.39583500046416,-0.024018380737774552,0.9917198076020922,28.306789457532112,-5.186599777494938e-06,4.776642388478926e-07,1.0
A&W3,DSC_0845.NEF,0.9818964821093531,0.0215822145091435,285.9886529265493,-0.026208229685478854,0.9967522175614746,29.221784519231193,-5.231072218529989e-06,1.9088586871455967e-06,1.0
A&W3,DSC_0846.NEF,0.9802991252060492,0.018621671787400013,290.01341323868485,-0.025596109914003608,0.9917028339348151,29.76989770907502,-4.952573787688242e-06,3.7791662403925624e-07,1.0
A&W3,DSC_0847.NEF,0.978655742271306,0.017120014868669754,292.59915199695075,-0.025561240103887682,0.9909695722394781,28.445773269684082,-5.393266281119306e-06,2.819486226627418e-07,1.0
A&W3,DSC_0848.NEF,0.9792887796527199,0.017487931167718622,291.07485317844964,-0.025475526714867087,0.9919131439695034,26.486023410864057,-5.246132358603714e-06,4.275970777234039e-07,1.0
A&W3,DSC_0849.NEF,0.979858228347462,0.018001930356862254,287.7250833393692,-0.02521736575378611,0.9924148082287382,23.99780748097526,-5.335393261362314e-06,8.457021803832062e-07,1.0
A&W3,DSC_0850.NEF,0.9780814590041125,0.015712671021172412,297.89178568008316,-0.025032067958664354,0.9889718501670071,25.940225406923922,-5.355423025408688e-06,-1.2745504837742868e-07,1.0
A&W3,DSC_0851.NEF,0.9831883570380574,0.022365204290063088,284.4002408710047,-0.02693104477906529,0.9975928518845717,28.55931020994247,-5.022535734482377e-06,2.0879938162436234e-06,1.0
A&W3,DSC_0852.NEF,0.9780932696037974,0.020534867253473383,291.37432025542876,-0.027387988220751846,0.9917776049300996,27.02244004174325,-5.637406743785543e-06,8.36870118696528e-07,1.0
A&W3,DSC_0853.NEF,0.9763881241768557,0.014800106237229365,300.7861509924157,-0.02597497052928504,0.9845671001267956,32.46956631653612,-5.222366068860132e-06,-1.3374344964039967e-06,1.0
A&W3,DSC_0854.NEF,0.9788429512676808,0.01959847497493096,294.17367746226114,-0.027105706330492037,0.9921321337112909,23.915884571007354,-5.537787517734286e-06,7.959548158440644e-07,1.0
A&W3,DSC_0855.NEF,0.9792076778084629,0.01784778267931442,301.9589272154103,-0.024984775554733562,0.9921645761972664,21.57773103572343,-5.3988518887997305e-06,8.213466693584874e-07,1.0
A&W3,DSC_0856.NEF,0.9812823779628637,0.018968386285730224,294.5593285975899,-0.024693926904394238,0.9944567706744835,17.42099063265681,-4.869716297421698e-06,1.2468446435096095e-06,1.0
A&W3,DSC_0857.NEF,0.9807240071283202,0.01937000779471319,295.3513375666009,-0.025876435945398672,0.9938166822553989,23.338644926352053,-5.066475905565073e-06,1.3156968282262367e-06,1.0
A&W3,DSC_0858.NEF,0.9790852386961948,0.019730054426495156,297.41783000476534,-0.025204922693868825,0.9939810241560015,18.43416473776068,-5.823382979565285e-06,1.8453497225726035e-06,1.0
A&W3,DSC_0859.NEF,0.9804145179102781,0.018495709293529897,298.9980507146722,-0.02385512511236317,0.9941435229260492,18.339043591624463,-5.4356249728990175e-06,1.653269579889782e-06,1.0
A&W3,DSC_0860.NEF,0.978592394627738,0.015140199202257986,302.15160742577285,-0.023221087506574593,0.9907686589363189,18.721612933753047,-5.3330630876534015e-06,1.0977673604200541e-07,1.0
A&W3,DSC_0861.NEF,0.9789182150241793,0.013914527194454155,299.74759808384596,-0.02174078188043365,0.9910574963786709,12.515804911267793,-5.2935409312565965e-06,2.511472763882344e-07,1.0
A&W3,DSC_0862.NEF,0.9791084548957113,0.01364254993484826,305.25234961226874,-0.021149359234030423,0.991444971860431,14.196728177169348,-5.302101948156288e-06,4.3506578634439015e-07,1.0
Harbour1,DSC_1649.NEF,-1.0001850064360223,-0.0033319286249505883,4273.989990028362,0.004703339028718605,-0.9865949293771185,3020.011504603565,-2.1379596191411613e-06,4.237172536899299e-06,1.0
Harbour1,DSC_1651.NEF,-1.0009525895798121,0.005150277948993543,4279.431329962303,0.009553823200818176,-0.9889274259951398,3022.1555840122987,-6.782819752035336e-07,6.9517040153104805e-06,1.0
Harbour1,DSC_1652.NEF,-1.0008646429506187,0.0070446465481872065,4281.072948444982,0.010074049775863816,-0.9874697690957391,3023.4313490811924,-2.5248889476064656e-07,7.519807712090616e-06,1.0
Harbour1,DSC_1653.NEF,-1.0013782558211348,0.0025838619089974943,4279.29593511139,0.007783732248568739,-0.9896355783447364,3023.3787272896134,-1.4497036730798652e-06,6.25321894203715e-06,0.9999999999999999
Harbour1,DSC_1656.NEF,-1.0002810918218563,0.001975066013983563,4277.112173180403,0.009209626915855425,-0.9907597491744548,3025.989670248731,-8.986749686623036e-07,6.122748760734342e-06,1.0
Harbour1,DSC_1657.NEF,-1.0035434603972482,0.005051394669871805,4279.704978219109,0.007555375560305158,-0.9877953776634684,3029.5399657412195,-1.8405936192494777e-06,7.582664014267072e-06,1.0
Harbour1,DSC_1658.NEF,-0.9993907812644591,0.004981691929530705,4281.417921274853,0.009302486787607391,-0.9890543965385518,3023.764966953277,8.56656967861021e-09,7.163096060740308e-06,1.0
Harbour1,DSC_1661.NEF,-0.9972427477059365,0.002436521757728011,4277.94208490006,0.012430814431510085,-0.9904734448854645,3038.9162334575544,1.225205264533492e-06,6.074259266672557e-06,1.0
Harbour1,DSC_1669.NEF,-1.003324595145252,0.00789757780244764,4282.456825168319,0.008017476993146515,-0.9861606263357655,3027.5057181162997,-1.3920429584810793e-06,7.688646915454717e-06,1.0
Harbour1,DSC_1670.NEF,-0.9975134324990378,-0.00633586911854773,4280.69484148129,0.0074923012523846946,-0.9892181915873983,3025.834922312956,-1.093124515934738e-07,3.1179517412718233e-06,1.0
Harbour1,DSC_1671.NEF,-1.0065465935909406,0.010502352290887352,4280.18711066948,0.00368788313812315,-0.9855066730428,3031.087455270059,-3.0747548490453415e-06,8.439916571325231e-06,1.0
Harbour1,DSC_1672.NEF,-1.0040190056692517,0.009675971316909613,4282.925523483785,0.007379377587846402,-0.9867395331100562,3033.0316578075563,-1.4402908254763881e-06,8.089755689963323e-06,1.0
Harbour1,DSC_1673.NEF,-1.0035523448638641,0.005495041632744145,4282.709862977526,0.006318704935470476,-0.9889492503515779,3030.6634828476394,-1.8620030609094862e-06,7.004686135725448e-06,1.0
Harbour1,DSC_1674.NEF,-1.0011230703200131,0.00018577705731873806,4282.0801332090505,0.008372590811679079,-0.9915537424200471,3029.3393123075357,-9.88594643847849e-07,5.418335032036922e-06,1.0
Harbour1,DSC_1677.NEF,-1.0046137513601259,0.003515672966997051,4281.561066561595,0.004063870834129405,-0.9861902696120879,3024.0172229933337,-2.9104910121992873e-06,6.473290155556211e-06,1.0
Harbour1,DSC_1678.NEF,-1.000335238918631,0.00284422288468419,4286.018263167252,0.008263563620017886,-0.9898190062777196,3030.542763494332,1.1191960082481668e-07,6.202476504010816e-06,1.0
Harbour1,DSC_1685.NEF,-1.0038270053847513,0.006054652551560733,4283.298120463452,0.0055522965541627035,-0.987407632757689,3031.6269825342115,-2.0971826733951457e-06,7.118666116127339e-06,1.0
Harbour2,DSC_1779.NEF,0.9955495570538949,0.0007181327267480189,78.70901651136803,-0.0012571168975637416,0.9981783000959455,-24.287202842710837,-1.1892679298230278e-06,2.774090863517972e-07,1.0
Harbour2,DSC_1780.NEF,0.9962785557350956,0.0010893236193904611,79.89006341306302,-0.0012031729540210026,0.9991549427225036,-26.203338184153083,-1.1042804811011772e-06,4.716476924713769e-07,1.0
Harbour2,DSC_1781.NEF,0.9950230668244542,-0.0012053061360000979,86.01620220999865,-0.0003206026255908667,0.997647853168354,-28.24849088388647,-1.243017696342289e-06,1.5943750788927277e-07,0.9999999999999999
Harbour2,DSC_1782.NEF,0.9957162323023974,-0.0002934107620364521,81.67278876190227,-0.00014356025414551875,0.9987171222395115,-28.697136478577885,-1.2150316089347232e-06,4.405910082614243e-07,1.0
Harbour2,DSC_1783.NEF,0.995513570915254,-0.0003568990911500056,81.98941054757402,-0.0002954007555464107,0.9982563042289981,-27.474041102820916,-1.220447350133218e-06,3.13146690654097e-07,1.0
Harbour2,DSC_1784.NEF,0.995391260460643,0.0003502350696365589,81.87337081511096,-0.0005872780343540577,0.9992118640559711,-28.767715168861017,-1.3683236358843678e-06,6.72582260448024e-07,1.0
Harbour2,DSC_1785.NEF,0.9955358188775745,-0.001468255288625411,85.92106745696198,0.00022990107161339197,0.9979351780129493,-28.108346527013328,-1.133457595138152e-06,1.1382540599144481e-07,1.0
Harbour2,DSC_1786.NEF,0.9954001130307117,-0.0007318102579776324,81.01568459581382,-0.0004209503713825095,0.997453873746624,-26.259331385630716,-1.1448083092904012e-06,1.2212713725557211e-07,1.0
Harbour2,DSC_1787.NEF,0.9979415443674278,0.0031410214715388873,71.93685017588527,-0.0002952067958666651,1.0029165571154313,-32.37405555859665,-1.1253726856156455e-06,1.3368946782071493e-06,1.0
Harbour2,DSC_1788.NEF,0.9955845741882852,0.00026064968690242595,79.85606572042934,-0.0010261075058133175,0.9984353126851456,-28.944279310925605,-1.1987560143909211e-06,3.4454749097747814e-07,1.0
Harbour2,DSC_1805.NEF,0.9962693229626483,0.0006264442783967727,74.75574735771868,-0.0007507824818206932,0.9992026365664012,-30.68952103511953,-1.1303604093905852e-06,5.384697332250391e-07,1.0
Harbour2,DSC_1806.NEF,0.9954775961455636,0.0003838110154010853,83.91441113870007,-0.0009097371470662367,0.998352397279626,-30.112144171196316,-1.2477503978662963e-06,4.104183327343875e-07,1.0
Harbour2,DSC_1807.NEF,0.9956284545924874,0.0003570554789637001,79.76427502280967,-0.000809643460792277,0.998314294601331,-28.394538332347974,-1.1781975264265102e-06,3.3992871871761246e-07,1.0
Harbour2,DSC_1808.NEF,0.9956805051168404,0.00078107276455627,77.06320306448926,-0.0011747270169348522,0.9981573418278976,-29.495789437724703,-1.172909064934924e-06,2.65495811458839e-07,1.0
Harbour2,DSC_1809.NEF,0.9956832853852362,-0.0006520528020153485,77.77318324033403,-0.00020502627099916058,0.9982153065413181,-29.42650503349766,-1.08705151929883e-06,1.8657826606738756e-07,0.9999999999999999
Harbour2,DSC_1816.NEF,0.9961747653443227,0.0005668053235991444,75.08596261318641,-0.0008144154983313104,0.9987648009644041,-24.159112976681378,-1.0989164109840848e-06,3.9721328720678775e-07,0.9999999999999999
Harbour2,DSC_1817.NEF,0.9962568090832955,0.0007323250693330664,76.84068689593272,-0.0008497466060397496,0.9990615067536587,-25.55078844031542,-1.1240466837671228e-06,4.876572510467876e-07,1.0
Harbour2,DSC_1818.NEF,0.9968850828028158,0.0017128318735438,74.1168529245937,-0.0011476953712670538,0.9998110899887438,-24.683409052583702,-1.0785061271993372e-06,7.487876685327258e-07,0.9999999999999999
Harbour2,DSC_1819.NEF,0.9957701773736066,0.00021707567130318609,76.2291063016138,-0.0009202348676979933,0.9982117702068181,-23.76697321238409,-1.119393558834587e-06,2.3667059390136788e-07,1.0
Harbour2,DSC_1820.NEF,0.9961345543890088,0.0002630271861169634,75.55111025944446,-0.0006993392014219235,0.9988364022292588,-25.195734390126898,-1.0929272443596948e-06,3.8969633481339265e-07,1.0
Harbour3,DSC_1995.NEF,1.0074026709768995,-0.09607973058938943,490.7815946131761,-0.014390877200517167,1.1171691580216478,224.5026537929103,-9.71632803676456e-06,9.341699140286287e-05,1.0
Harbour3,DSC_1997.NEF,1.9277058693937248,0.3456490632798902,-389.1905519277104,0.02688749133579726,3.004840709253988,-1793.525179172733,2.4884248224007137e-06,0.000535234793587348,1.0
Harbour3,DSC_1998.NEF,1.069496692133143,-0.0387971900565223,363.09060754359797,-0.012722463923233878,1.2738326945162204,23.865184128655493,-1.0599480716431408e-05,0.0001250824676186114,1.0
Harbour3,DSC_1999.NEF,0.8946553760298158,0.15272174579811154,-72.37744328181462,-0.032478125097342055,1.0192149209536827,223.73126600739147,-1.9465104278543226e-05,5.28886500147185e-05,1.0
Harbour3,DSC_2000.NEF,1.0234549021645394,0.1959668817754123,-329.37655246077605,0.0152506283928872,1.1256685934103252,25.913323386436367,-2.783935849198389e-06,6.699355202092035e-05,1.0
Harbour3,DSC_2001.NEF,0.8462012880279939,0.10212143079385051,57.68069637594543,-0.037661283037699694,0.9494254098758873,291.3570796371468,-2.212344060254047e-05,3.584266050328593e-05,1.0
Harbour3,DSC_2002.NEF,0.8346662722439073,0.01921520768114744,192.09585234155,-0.02148974751486445,0.8747032938105302,340.09185899051556,-1.405224707660146e-05,1.1423135986325823e-05,1.0
Harbour3,DSC_2003.NEF,0.7906359439031202,-0.030363002588321086,309.03810227936003,-0.02666832329314624,0.8034241588841519,413.8367817893561,-1.633549477721224e-05,-5.628793636850276e-06,1.0
Harbour3,DSC_2004.NEF,0.9210115011885897,0.20508397084925964,-176.2053072482435,-0.03506804791995862,1.0801433954564013,170.11020675610806,-2.0584616205567036e-05,6.916438453908116e-05,1.0
Harbour3,DSC_2005.NEF,0.7838124652353475,-0.026816245665431677,286.69331238887617,-0.02291867472986979,0.7817534869019969,419.73590150750135,-1.4767884980984433e-05,-1.3776515056825608e-05,1.0
Harbour3,DSC_2006.NEF,0.8072609668936326,-0.008022091681973497,255.27417137899005,-0.025411253843852944,0.8310085409745696,382.40646579891944,-1.577964264744886e-05,6.216289247106633e-07,1.0
Harbour3,DSC_2007.NEF,0.8707472604912048,0.09075913908006066,38.86909215710368,-0.024667375894519734,0.9434230306729774,286.8417202249636,-1.4941116117378328e-05,3.058956276698949e-05,1.0
Harbour3,DSC_2008.NEF,0.947844508782084,-0.10794012148783094,505.4710798875766,-0.02108844040307773,0.9971126140616912,361.3914598406153,-1.2174679993210424e-05,6.691726828566773e-05,1.0
Harbour3,DSC_2009.NEF,0.9358638255484187,-0.10286267408149989,491.8605576788072,-0.022785615858552353,0.9780259118345863,378.94278952615355,-1.285198706671248e-05,6.185079133648652e-05,1.0
Harbour3,DSC_2010.NEF,0.8065203060291382,-0.03664434515504646,289.2574308288435,-0.016307224005816683,0.8045411306654038,386.9792134724394,-1.3007290140112232e-05,-8.244800205540269e-06,1.0
Harbour3,DSC_2011.NEF,1.0264647563435214,-0.06756024611245982,422.52837633916124,-0.012431516837826558,1.1715531321494412,141.4898927538797,-9.865597796437526e-06,0.00010251360980923361,1.0
Harbour3,DSC_2012.NEF,0.7995887201466328,-0.005021001514936892,253.27121924926206,-0.02796471574448987,0.8197672952872878,401.1930289113106,-1.71920778984744e-05,-3.734344484690915e-07,0.9999999999999999
Harbour3,DSC_2013.NEF,0.8142213495425995,0.04720639095868916,173.5750787764374,-0.03685259083920945,0.8830972065287522,352.7053237816284,-2.156825729012061e-05,1.8647924321362867e-05,1.0
Harbour3,DSC_2014.NEF,0.8031430267970533,0.022642882703929147,219.37505146204253,-0.034530632480155365,0.8553713391693638,373.8783411267572,-2.0533099804272006e-05,1.0511048604176808e-05,1.0
Harbour3,DSC_2015.NEF,0.9303390402059668,0.2154157444600997,-194.37045252637384,-0.036221146750983216,1.100469245760951,153.9161732159808,-2.092322571272677e-05,7.489364946048236e-05,1.0
Harbour4,DSC_2168.NEF,-0.9994152794448382,0.00134849812333926,4286.583471203714,-0.0024692772283782744,-1.0004573929431555,2821.0604019611364,-2.3015616162464373e-08,-5.044367801305593e-07,0.9999999999999999
Harbour4,DSC_2169.NEF,-0.9994612024429587,0.0017324852885695517,4286.89120812676,-0.0024308858215666765,-1.0003130081318061,2820.8939936380443,9.10343033204008e-08,-3.771288363176847e-07,1.0
Harbour4,DSC_2171.NEF,-0.9995639587230479,0.001931337754404363,4285.542744514444,-0.002553742245889772,-1.0006058437208651,2826.011541123888,1.498268732108224e-07,-3.069166836998102e-07,1.0
Harbour4,DSC_2172.NEF,-0.9995086665569625,0.0020939718950716973,4284.623582155635,-0.002506497927413703,-1.0003903811528057,2825.3238795101734,8.202014979346187e-08,-3.212889558368112e-07,1.0
Harbour4,DSC_2176.NEF,-0.9995371628667695,0.0025419465759895067,4285.9703996945,-0.0018239745937292011,-1.0009624396027066,2829.6261610989377,5.439726965715698e-07,3.410103564033081e-08,1.0
Harbour4,DSC_2178.NEF,-0.999467631960522,0.0021688193908709842,4283.94234812323,-0.0029145718998002832,-1.0006268776174843,2831.9038127018703,2.0857768402783167e-07,-2.991813517478771e-07,1.0
Harbour4,DSC_2179.NEF,-0.9994375754780076,0.0018578913508158295,4283.3100062750955,-0.0028946695654396637,-1.000688441901839,2829.685581683937,8.512497435152528e-08,-4.1297455981004703e-07,1.0
Harbour4,DSC_2183.NEF,-0.9994534770198565,0.002494200427699105,4284.605012829673,-0.0022246648571583364,-1.0004200767925062,2829.4643047323457,2.6488352227949143e-07,-1.9682625208061915e-08,1.0
SFU_art,DSC_9521.NEF,1.000743804330461,0.00042411020137708705,-3.3258302228259455,0.00017642653980289282,1.0008670966299218,-13.889364118493571,7.853560718480536e-08,3.278081898878932e-07,1.0
SFU_art,DSC_9522.NEF,1.00070009523461,0.000520528006906108,-3.4922605219416187,0.00031151411627149963,1.0010965210098624,-13.444601478464467,6.373089037446545e-08,3.304714621666312e-07,1.0
SFU_art,DSC_9523.NEF,1.0003554065026947,0.00030985741910547794,-3.1665724919342426,0.0001770847832132193,1.0006124750995036,-12.949822693517591,-9.545337471773894e-10,2.0720820607990177e-07,1.0
SFU_art,DSC_9524.NEF,1.0003142134167398,0.00044692616567751034,-3.27672025846862,0.0002264637132140641,1.000808675412056,-12.97987935327508,-3.1954518798442316e-08,2.9138797041605725e-07,1.0
SFU_art,DSC_9525.NEF,1.0004539016054808,0.00046209004132158083,-3.395395981117181,0.00021030215093548464,1.0008448587104204,-12.545742964369277,1.6563224121800244e-08,2.97140864625929e-07,1.0
SFU_art,DSC_9526.NEF,1.000329560911425,0.000489357560516429,-3.200918095634526,0.0002159120929933761,1.0008210290191426,-13.147821523341731,-1.18824683479594e-08,2.791576212915645e-07,1.0
SFU_art,DSC_9527.NEF,1.0001770701366812,0.0004320714081254161,-3.309851654560739,0.00013788621215656804,1.0006318747202219,-11.371303388533326,-4.808619066933125e-08,2.4304411755660657e-07,1.0
SFU_art,DSC_9528.NEF,1.0004885649916395,0.00029645115455133005,-3.1642867226306075,8.778806003264533e-05,1.0005411747763684,-11.001448023423926,4.9371124541341006e-08,2.1174219635817967e-07,1.0
SFU_art,DSC_9529.NEF,1.0005599111518473,0.00036410429993536856,-3.3575376973192492,0.00020369143002042399,1.000748772899096,-11.612348745044244,6.116207900961448e-08,2.0300178858754584e-07,1.0
SFU_art,DSC_9530.NEF,1.0010166385151245,0.0006556019642298022,-3.6770720487198574,2.918346652664424e-05,1.00101823790896,-10.557761534468321,1.607341081000974e-07,3.857647090409649e-07,1.0
SFU_art,DSC_9531.NEF,1.0004602311240784,0.00033961051106314873,-2.9448081846717225,4.401512696401042e-05,1.0005486168501825,-11.07628759236665,4.532303618394523e-08,1.9363859509566416e-07,1.0
SFU_art,DSC_9532.NEF,1.0003549351361998,0.0007339471766728714,-3.625295311104899,0.0001579340872046606,1.0009745432575157,-12.179868437079149,-4.80810011108617e-08,3.4697928359612336e-07,1.0
SFU_art,DSC_9535.NEF,1.0002240925980037,0.00043031809389387256,-2.9780071505666914,2.6306640609261698e-05,1.000596333936718,-9.939993363641426,-2.4729183878913548e-08,1.9255200936187502e-07,1.0
SFU_art,DSC_9536.NEF,1.0005961117308702,0.0004095866670408861,-3.2950811452903275,1.0553625234822422e-05,1.0005962593933642,-10.850430420157267,7.733146055601837e-08,2.2083595020325295e-07,1.0
SFU_art,DSC_9537.NEF,1.0003072297288054,0.00030505950185139496,-3.313058079425923,7.775598596198552e-05,1.0004596680398552,-10.125249246583461,1.3607407027774425e-08,1.3431572685143165e-07,1.0
SFU_art,DSC_9538.NEF,1.0005256566606735,0.0004380146209953321,-2.540836339280607,0.00012374462229672602,1.0006564403362541,-13.808163013912292,2.707899911293571e-08,2.338965059394536e-07,1.0
SFU_art,DSC_9539.NEF,1.0002730283882437,0.00039470057319352183,-2.262437000002092,5.36839353079586e-05,1.000676360593756,-12.251095476371479,-1.4911148913693436e-09,2.4783012876491046e-07,1.0
SFU_art,DSC_9543.NEF,1.0000779708557122,0.00031338020914789067,-3.230109242334447,7.566163652642757e-05,1.0004862322912431,-12.31507745614931,-4.799810347394133e-08,2.0889730379128535e-07,1.0
SFU_art,DSC_9544.NEF,1.000563548386003,0.0004130828081351426,-3.513126601851382,0.00019055609843059276,1.0009433225791622,-12.17822509330413,4.412293143096262e-08,3.277058648443687e-07,1.0
SFU_art,DSC_9550.NEF,1.0002618231648277,0.00047660616425183557,-3.487378620144248,-8.56342050293626e-05,1.000404029698765,-8.119489391565416,-2.2776645350512446e-08,2.0589620688613414e-07,0.9999999999999999
blue_ceiling,DSC_8710.NEF,0.9934307026101951,-0.002602400735095264,8.277513261556372,-0.0006613647103715932,0.9925533631002031,0.8225568830511075,-1.172309855738999e-06,-1.7178045685298082e-06,1.0
blue_ceiling,DSC_8711.NEF,0.989979163643667,-0.00091676595945677,3.5024517490952864,-0.0015936210043037628,0.9885483245630186,2.3838112775988263,-1.8650949112114476e-06,-3.0293450512659866e-06,1.0
blue_ceiling,DSC_8712.NEF,0.9976801441682135,-0.0025728904725468393,5.903856023401627,6.32803911086799e-05,0.9959672513220404,-1.4743172659826207,-2.2109183014769255e-07,-1.1754205296430958e-06,1.0
blue_ceiling,DSC_8713.NEF,0.9917437303983351,-0.005679330030596358,10.11739189344728,-0.0005165909881012609,0.9864300532109055,4.220611177818913,7.674825534060607e-07,-5.189496786679645e-06,1.0
blue_ceiling,DSC_8714.NEF,0.999969827228843,-0.0018685564821674914,2.8799786162631364,5.752142872672818e-05,0.997565009327145,-2.020550926652184,1.5348434292983603e-07,-7.98559672735694e-07,1.0
blue_ceiling,DSC_8715.NEF,0.9917447039126667,-0.005647635395896282,12.378080329703762,-0.0006229962819881714,0.9886884991765335,2.9013133965082285,-1.1360082239264288e-06,-2.982527841034088e-06,1.0
blue_ceiling,DSC_8716.NEF,0.9827358489482072,-0.009946546856951635,20.355657270541435,-0.0021668992246278327,0.976144018501555,13.190764606113746,7.09012518364533e-08,-8.474051291734707e-06,1.0
blue_ceiling,DSC_8720.NEF,1.0005425514173762,-0.0012831147068743708,3.732644221464901,-0.0024081691885153105,1.0021115347874574,-0.10593224543902963,-9.973976775909932e-07,1.1605544914963161e-06,0.9999999999999999
blue_ceiling,DSC_8721.NEF,0.9899160338577965,-0.00785382025309439,17.331271723390774,-0.003252426906320262,0.9834461031640156,17.387431543154943,-1.5994514354140407e-06,-3.5026936087128744e-06,1.0
blue_ceiling,DSC_8722.NEF,0.9996680932575962,-0.002447092972979617,4.922632943084445,0.00010990808846490775,0.9968805343875438,2.152560201771869,1.0398157964443068e-07,-7.124541142450131e-07,1.0
blue_ceiling,DSC_8723.NEF,0.9990061022197908,-0.0015050287112601131,3.4403727023123185,-0.00032554869357769424,0.9969590737215807,1.1610414195609136,-5.9094168925018576e-08,-7.290821664309018e-07,1.0
blue_ceiling,DSC_8724.NEF,1.0002701368695912,-0.0012030425943586537,2.4526814812114046,0.00017589833655929225,0.9983397668496669,-0.9942583083575253,5.094223813359341e-08,-4.2743287556031776e-07,1.0
blue_ceiling,DSC_8725.NEF,0.98588668313188,-0.010993279208614566,23.505410823173587,-0.005003802891431208,0.9786595998722577,21.185739986911365,-1.8808966095539785e-06,-5.193284430435226e-06,1.0
blue_ceiling,DSC_8726.NEF,0.9954824803131113,-0.002961890436159477,7.486760690392902,-0.0008998256370716686,0.993998249562991,3.3528942688681713,-6.474807516172927e-07,-1.521021612479717e-06,1.0
blue_ceiling,DSC_8727.NEF,0.9980659916894242,-0.0007090595218771182,2.1307192936234527,-0.00025680942161590445,0.9970344490416131,1.687645571155414,-3.384449744208873e-07,-6.290527484176959e-07,1.0
blue_ceiling,DSC_8728.NEF,0.997874226349472,-0.0010887103548137037,2.1931069350315266,-0.0005830874927356189,0.996361423573916,2.233473597193009,-5.056111625346305e-07,-7.071391452537271e-07,0.9999999999999999
blue_ceiling,DSC_8729.NEF,0.9945046522571455,-0.0032536657360476987,6.569865981548055,-0.0014274746343479925,0.9919606117395353,4.943685829284156,-9.83821806704918e-07,-2.001729696347012e-06,1.0
blue_ceiling,DSC_8730.NEF,0.9933161598448645,-0.0030246519044064587,6.274218131707983,-0.0029400376674216717,0.991168997564392,8.01465342048133,-1.260620374004984e-06,-2.34796674635668e-06,1.0
blue_ceiling,DSC_8731.NEF,0.9982655760098906,-0.0028864410217439695,5.2523506205257515,0.00033779540694754196,0.9966311729177775,1.2409254057837866,-6.384529052662563e-08,-1.2524660839054873e-06,1.0
blue_ceiling,DSC_8732.NEF,0.9910655601123026,-0.003951669435963703,9.576668679815091,-0.0043831046979695065,0.990149753214352,11.01653702441002,-2.190247949279568e-06,-2.3179337442607137e-06,1.0
dining_area,DSC_8196.NEF,0.9970904688943736,-1.8217856434186087e-05,36.33968182221471,-0.0008747118520487726,0.9979111693504682,0.5205214497388553,-6.443660753503678e-07,-3.059783455849242e-07,1.0
dining_area,DSC_8197.NEF,0.997404545851473,0.0002960014243612971,35.87085645816325,-0.0008941679362982058,0.998401148887618,0.8463856131028386,-6.083618273479625e-07,-2.2677463631189848e-08,1.0
dining_area,DSC_8198.NEF,0.9973305986319058,0.0002984371910058706,35.81778389821139,-0.0009132552109026043,0.99808652827033,0.9045968490918102,-6.07028212382203e-07,-1.2526357276736668e-07,1.0
dining_area,DSC_8199.NEF,0.9974667487698102,0.00013707350281651014,35.735460319988945,-0.0008631990529308017,0.9980743012729824,0.7888390288582005,-5.204350466070567e-07,-2.446165943416016e-07,1.0
dining_area,DSC_8200.NEF,0.9976373018128138,0.00039156844413210665,35.438955876484286,-0.0009276197341518293,0.9987325064187667,0.7797101501866608,-5.801810002785967e-07,5.6910016577118973e-08,1.0
dining_area,DSC_8224.NEF,0.997370460549058,0.0003273938179686914,35.122455322607806,-0.0008862761225813978,0.9984009423530816,1.4423084511858766,-6.059372076305902e-07,-1.273336790528937e-07,1.0
dining_area,DSC_8225.NEF,0.9973509813615091,-0.00010273088111658811,36.120971044751045,-0.0007360216250380618,0.998546536751723,1.0306337850063951,-5.850287462792765e-07,-1.380650771123892e-07,1.0
dining_area,DSC_8226.NEF,0.9975073174802109,0.0001318432369882223,35.87077763809599,-0.0007619054541142,0.9985865002870074,1.174687793683635,-5.840203023994373e-07,-4.375472751740472e-08,0.9999999999999999
dining_area,DSC_8227.NEF,0.9974160782903634,-2.565315046765103e-05,36.02571560744464,-0.0007612628201492708,0.9985611453414389,1.197763514558024,-5.912881921084859e-07,-9.026612148168441e-08,1.0
dining_area,DSC_8228.NEF,0.9973995386104053,0.0001012194950436808,35.894324286995676,-0.0007912687588213231,0.9984231905711036,1.3656537722114384,-5.861716610658206e-07,-1.0069043730964713e-07,0.9999999999999999
dining_area,DSC_8229.NEF,0.997073465484999,-0.0002433529073652047,36.23840615478812,-0.0007065625236104175,0.9978147591964525,1.3539780975525944,-5.657780369287103e-07,-4.7171716509886116e-07,1.0
dining_area,DSC_8230.NEF,0.9974247638357083,-2.1813113439335263e-05,36.17598875869942,-0.0008111497122454739,0.9985290384549708,1.0322937360457554,-5.839496848569495e-07,-7.874508443376807e-08,1.0
dining_area,DSC_8231.NEF,0.997477460191494,0.00019111995441921145,35.85375650845451,-0.000806989860738044,0.998550174010303,1.2052550113368186,-5.797900581413216e-07,-4.243275324905355e-08,1.0
dining_area,DSC_8232.NEF,0.9975239331336462,0.00043011092697920573,35.82038907586587,-0.000812263270595405,0.9987207962118982,1.1403455750973828,-6.022229509214242e-07,1.6806920001914986e-07,1.0
dining_area,DSC_8233.NEF,0.9974536673255576,-0.00017741115678075826,36.06363268022512,-0.0007426843717725516,0.9984000352950975,1.165029907997466,-5.797675661554507e-07,-1.2457350282258197e-07,1.0
dining_area,DSC_8234.NEF,0.9970808188100944,0.0005433013356999356,35.924568700704064,-0.0009151842143102037,0.9979405886073369,1.7579173479608101,-6.761956795458375e-07,-9.23845605974251e-09,1.0
dining_area,DSC_8235.NEF,0.9973162337279411,0.0006631326175012636,35.623056165212255,-0.0008394916581698698,0.9987152973810209,1.4373125702937608,-6.339561052749002e-07,7.030344768562923e-08,0.9999999999999999
dining_area,DSC_8236.NEF,0.9974444303452552,7.300551917236429e-05,35.901153106475284,-0.0007909016738260195,0.9985991348989598,1.4393252885671486,-5.851006576645956e-07,-4.956660660361125e-08,0.9999999999999999
dining_area,DSC_8237.NEF,0.9974607909075355,-0.0001480543542335583,36.18874520950414,-0.000754971147642272,0.998620967252942,1.2880940548021724,-5.989681966392708e-07,-1.6185237022213887e-08,1.0
dining_area,DSC_8238.NEF,0.9975377933450698,-2.5993174454194777e-06,36.1450770048343,-0.0006884551019518032,0.9985782851046225,1.1134144877223495,-5.880175751565457e-07,2.053239768936326e-08,0.9999999999999999
downtown_smith,DSC_0205.NEF,-1.0010683504581548,0.00036031520801944823,4133.6087731789785,-0.0037404761244788616,-0.9955398869144516,2811.2483219262213,-2.198415249821103e-06,-6.676817969163557e-09,1.0
downtown_smith,DSC_0206.NEF,-0.9991589965905412,0.00021613858433490023,4125.618149183057,-0.004411005483448301,-0.9941308870721404,2810.1420871747832,-2.705026976684819e-06,-3.703139316288276e-07,1.0
downtown_smith,DSC_0207.NEF,-0.9989034625916008,-0.000723645647403627,4126.806250039574,-0.003792203035701705,-0.9939181571465262,2806.8975319844526,-2.7651336769216665e-06,-5.616382076832873e-07,0.9999999999999999
downtown_smith,DSC_0208.NEF,-0.9996716463950999,-0.0005152365543771254,4131.731017960273,-0.0034625661940994807,-0.99469717134566,2806.3610091517176,-2.4632202309276094e-06,-3.7255478026257165e-07,1.0
downtown_smith,DSC_0209.NEF,-0.9982959974419876,-0.0007774580031590845,4138.961393873648,-0.0035883450637948042,-0.9946243595806187,2804.750391425593,-2.487940409936699e-06,-7.790264773558656e-07,1.0
downtown_smith,DSC_0210.NEF,-0.9998515698586732,0.0008667116054246658,4148.121758177046,-0.003780828179262109,-0.992793701668773,2806.7210172550867,-2.4943377030273685e-06,7.391607358668789e-07,0.9999999999999999
downtown_smith,DSC_0211.NEF,-0.9991954010165004,-0.00029593560440983516,4147.496184016327,-0.003745079855057069,-0.9948894627918168,2804.6127514336267,-2.3336766559313156e-06,-4.954737605767389e-07,1.0
downtown_smith,DSC_0212.NEF,-1.003246416555224,0.0008405621622134054,4164.767907189622,-0.0016721786869068913,-0.9977454126246144,2811.9945824275774,-1.099315275619391e-06,7.862379150400335e-07,1.0
downtown_smith,DSC_0213.NEF,-0.9994890079016873,0.0004327686995891341,4146.804157335324,-0.004088266512472528,-0.9943468103671758,2814.2946797523578,-2.4183182125947618e-06,-2.7486893424998465e-07,1.0
downtown_smith,DSC_0214.NEF,-0.9995451964090126,0.0005768442675542459,4146.607146096068,-0.004196026423004321,-0.9949020515857726,2817.1685008311133,-2.3545723698760107e-06,-2.3590023357049941e-07,1.0
downtown_smith,DSC_0215.NEF,-0.9994365199408253,0.0006398768999817997,4145.522733422946,-0.004376019898005451,-0.9948746049050711,2815.4555263144753,-2.333989248006618e-06,-3.4047660790800065e-07,1.0
downtown_smith,DSC_0216.NEF,-0.9991659740352834,0.0006095877062693131,4150.237991311602,-0.0046205167477471375,-0.9950764781216864,2811.9702695589044,-2.250314863166237e-06,-4.7042194926416594e-07,1.0
downtown_smith,DSC_0217.NEF,-0.9991379568745298,0.0006269944104223521,4150.504187736888,-0.0044357090702355035,-0.995293628367658,2812.246873362539,-2.2024909665713073e-06,-5.253639462557656e-07,1.0
downtown_smith,DSC_0218.NEF,-0.998735963874516,3.74723072607495e-05,4153.176542416024,-0.0041370210393692885,-0.9944566532861259,2802.8377516588484,-2.431259686094983e-06,-5.274710453937942e-07,1.0
downtown_smith,DSC_0219.NEF,-1.0047622417785946,0.001022293252915526,4177.74179198591,-0.00019885902592665138,-0.9988636371318409,2814.2452667591724,-4.210247985198151e-07,1.171701453285355e-06,1.0
downtown_smith,DSC_0220.NEF,-0.99940311140716,0.00022772490033412258,4154.231400106819,-0.004028251154723852,-0.994940983795126,2810.3959279243686,-2.2182426793004978e-06,-3.993785068607809e-07,1.0
downtown_smith,DSC_0221.NEF,-0.9994149267563968,0.00015526167284099396,4154.776893870143,-0.003933244115888596,-0.9947818165584391,2811.2268126376043,-2.28592291053082e-06,-3.8576170821403616e-07,1.0
downtown_smith,DSC_0222.NEF,-0.9994027475795051,0.0002471347211006942,4154.042620786643,-0.003966394373808726,-0.9947907099251765,2809.2007348156267,-2.2716349653574734e-06,-4.263919729785948e-07,1.0
downtown_smith,DSC_0223.NEF,-0.9987446747670081,0.00042279994737760417,4146.974442650215,-0.004560197831458748,-0.9945589629673547,2814.461042978713,-2.4725591900267944e-06,-5.27095538794849e-07,0.9999999999999999
downtown_smith,DSC_0224.NEF,-0.9994837934696807,0.0008647542037276808,4151.1891009033725,-0.004571063729727318,-0.9949981375248083,2818.0031742085953,-2.286550664886471e-06,-3.278448698234211e-07,1.0
edu_area,DSC_8298.NEF,1.0020378724535908,9.085014652227665e-05,-6.0890298655392465,0.00017875354251238284,1.0016235671493443,-1.1260966376874741,1.3168525003374377e-07,-2.3377241467708282e-08,1.0
edu_area,DSC_8299.NEF,1.001881595668275,-0.0016238231046653263,-4.7205103167243205,0.0003318406150562008,1.0004777225218646,-0.843487748804795,3.426831040800916e-07,-8.148022287486144e-07,1.0
edu_area,DSC_8300.NEF,1.0022316376908682,-0.00039713367106107664,-5.672292039537106,0.0002613918388163513,1.0014379890186995,-1.2442102064308558,1.2165345514460112e-07,1.1104697522870624e-08,1.0
edu_area,DSC_8301.NEF,1.001902629191748,0.0005419573145327162,-6.2120351718678535,3.217702333715967e-05,1.0020413891780053,-1.257809946753541,-1.1802525039981856e-07,4.523218692691909e-07,1.0
edu_area,DSC_8302.NEF,1.0015272301526843,-0.0014386596769585893,-4.955109349342862,0.0007211243244016266,0.9994437608139213,-0.6888757022469507,7.244690455040469e-07,-1.682291390675048e-06,1.0
edu_area,DSC_8303.NEF,1.0017215473857797,-0.00025465948007245,-5.786835611123874,0.0002928213358181374,1.0010320819795318,-1.1383810441587006,3.1777619010663057e-07,-6.074557544634327e-07,1.0
edu_area,DSC_8313.NEF,1.00150727639687,0.0018070395067528446,-6.405083896054094,-7.38553672687356e-05,1.0023137268392635,-1.4941756832198632,-4.0362035619475885e-07,1.122008318264819e-06,1.0
edu_area,DSC_8314.NEF,1.0009523953164854,-0.0007862502120364559,-4.4246300909023155,-8.755048539777224e-05,1.000305024808686,-0.6458948093828264,5.974426939793438e-08,-5.075912756035818e-07,1.0
edu_area,DSC_8315.NEF,1.001377486171272,-0.00020174062295001953,-5.088443855240916,1.845415723394577e-05,1.0005599074910942,-0.9008195392403155,8.875779192315953e-08,-2.99662367663002e-07,1.0
edu_area,DSC_8316.NEF,1.0014940338683005,-0.00017084554412829804,-5.1966716295664845,5.382642379800057e-05,1.0009810608072636,-0.9593672862985643,1.2658386031353838e-08,-6.33278348887823e-08,1.0
edu_area,DSC_8317.NEF,1.0010851638646967,-0.000539092020982821,-4.559990212141809,0.00027013264448953457,1.0000278818185757,-0.6872547514784314,1.6885667400425528e-08,-3.2603621349847185e-07,1.0
edu_area,DSC_8318.NEF,1.001107805466638,6.0312700324519006e-05,-5.080954404914885,-0.00011497176114228185,1.001072593092485,-1.1222536632474835,-3.28548882504233e-08,-1.0237362177779495e-07,1.0
edu_area,DSC_8319.NEF,1.0016214726979802,-0.0013007184959656717,-4.758012996074957,0.000518291434431992,0.9994798132980979,-0.4459692134484384,4.6448574214560625e-07,-1.0591489238316623e-06,1.0
edu_area,DSC_8320.NEF,1.0013146339926362,-0.0004471152594092014,-4.931777832590228,-7.12332766350254e-06,1.0006306150969149,-0.882767708314221,1.0207542765157587e-07,-3.830216611972328e-07,1.0
edu_area,DSC_8321.NEF,1.000560162798077,-0.0005299318389563265,-4.278159956138979,-1.947549700227123e-05,1.0000309436166974,-0.45674723612087853,-3.753650825510742e-08,-4.306639625256435e-07,1.0
edu_area,DSC_8322.NEF,1.0017814035163288,-0.0019883804422198637,-4.69806067320186,0.00041657459650500973,0.9995870271762228,-0.3801694681958946,3.923633352880614e-07,-1.0413052335739234e-06,1.0
edu_area,DSC_8324.NEF,1.001660677127363,-0.0009546715037107272,-5.303852642084186,0.00021282581951495526,1.0006300743856729,-0.7353537497882255,2.0056087059847324e-07,-5.323602625908031e-07,1.0
edu_area,DSC_8348.NEF,1.0013174870428243,-0.00031785198709140673,-5.049126962416791,-0.0001502041203661907,1.000857352197102,-0.9310194928087969,5.0920336078154615e-08,-2.1539175811844173e-07,1.0
edu_area,DSC_8349.NEF,1.0010180186017756,-0.0022579308543107007,-3.618893310585633,0.0002458235516074085,0.9983770551107299,0.3406918434322593,2.723894995057508e-07,-1.2199400312861733e-06,1.0
edu_area,DSC_8350.NEF,1.001076888752082,-0.00042273256683015995,-4.8972887995114975,-0.0001544133783383239,1.0007258908303454,-0.7952269223378126,2.7286690442786038e-08,-3.2071615942780677e-07,1.0
foodcourt_mcnz,DSC_1400.NEF,0.9733494022479777,0.023147546985294785,329.08100824016105,0.014927504585700876,1.0001714370508206,-283.2785557525972,-7.51067816626279e-06,1.356341865035423e-05,1.0
foodcourt_mcnz,DSC_1401.NEF,1.0231001608448267,-0.08922812008760998,294.93354496655127,0.01050302886307537,1.0339618951821727,-294.9284681911443,5.738980115427667e-06,-3.061117373692328e-05,1.0
foodcourt_mcnz,DSC_1402.NEF,0.9624397418158738,-0.10244614919163361,387.84256358834017,0.011427314823097607,0.9744917433319614,-271.84294533784544,-4.09027921001872e-06,-3.0126035277048456e-05,1.0
foodcourt_mcnz,DSC_1403.NEF,0.9552051427815218,-0.06421266098254676,386.1370954670938,0.011132703845599973,0.977353081859129,-272.4558867860819,-6.969160002618413e-06,-1.608753592576206e-05,1.0
foodcourt_mcnz,DSC_1404.NEF,0.9094178724850592,-0.12236786619716367,471.3296104380616,0.007568695201737951,0.9467691664267849,-253.43724352161743,-1.1663505654662053e-05,-3.579310381161905e-05,1.0
foodcourt_mcnz,DSC_1405.NEF,0.9829894587425873,-0.02445317865291283,332.93864751886537,0.01381638862677731,0.9936980066294538,-282.5791313233649,-4.362548030278535e-06,-2.122921742649227e-06,1.0
foodcourt_mcnz,DSC_1406.NEF,0.8981793586487306,-0.12468909538389879,487.8007584084436,0.006358024394148102,0.9419616754582922,-247.21560873385465,-1.34272312208969e-05,-3.6025140912383434e-05,1.0
foodcourt_mcnz,DSC_1407.NEF,0.969381025415155,-0.1458424510274972,390.66220524674804,0.01471646552370078,0.9621000123171585,-271.12095893113843,-1.9950569144796777e-06,-4.1155998555483656e-05,1.0
foodcourt_mcnz,DSC_1408.NEF,0.9923423233786489,-0.10959254535703904,346.49740886009766,0.008376799975830436,1.016052749128802,-283.6327082716692,1.423734464648267e-06,-3.5626843729734896e-05,1.0
foodcourt_mcnz,DSC_1409.NEF,1.0030406753802656,-0.024036937234326296,305.42377577070084,0.013446178289371322,1.0119590863301617,-290.0307870119652,-8.96072706890122e-07,-2.9048691903816986e-06,1.0
foodcourt_mcnz,DSC_1410.NEF,0.8483148674159805,-0.2415284548366247,598.1075321197585,0.00046574858982697257,0.9122247559405767,-226.7184494033896,-1.640698621656573e-05,-7.617476832041794e-05,0.9999999999999999
foodcourt_mcnz,DSC_1411.NEF,0.9653582950821148,-0.1533949826833786,398.8210622975131,0.013786453377327866,0.9553896067556685,-266.68055538309017,-2.4583181908711903e-06,-4.356056196613377e-05,0.9999999999999999
foodcourt_mcnz,DSC_1412.NEF,0.9739528131008849,-0.04937853930855184,354.05517777538086,0.010577211392013092,0.9893979782021606,-273.12599125430324,-4.5843256160293514e-06,-1.1396311452306566e-05,1.0
foodcourt_mcnz,DSC_1413.NEF,0.9965358068405752,-0.004802469025133571,308.6989350924691,0.014202797207785129,1.0040284095947893,-287.42409846885187,-3.082197972175113e-06,4.266094766153263e-06,1.0
foodcourt_mcnz,DSC_1414.NEF,0.9281502894307206,-0.09036534301470464,435.90441060315356,0.008991529084473513,0.9556759341281515,-258.2742314628459,-1.0139112412639538e-05,-2.4457794478077683e-05,1.0
foodcourt_mcnz,DSC_1415.NEF,0.9545003684556702,-0.10203805264874077,399.0155469594572,0.010846312638161708,0.9726791559224288,-269.0426917373967,-5.460742079915993e-06,-2.9576714828454312e-05,1.0
foodcourt_mcnz,DSC_1416.NEF,0.9298218803293306,-0.11683822280004072,438.7663682641702,0.009866962619572388,0.9546515036894474,-260.9431230386175,-8.72186768973948e-06,-3.472900123860923e-05,1.0
foodcourt_mcnz,DSC_1417.NEF,1.0004433268986679,0.06584823059732556,277.29841734229063,0.014735564749448617,1.0194648452311847,-295.3468142971526,-4.550699068918241e-06,2.484826004217152e-05,1.0
foodcourt_mcnz,DSC_1418.NEF,0.9152224810052944,-0.10784808908457642,457.6164128654566,0.008071893522306467,0.9586985381963021,-258.4875126810194,-1.1501984503599785e-05,-3.0204393274189114e-05,0.9999999999999999
foodcourt_mcnz,DSC_1419.NEF,0.9048125752593039,-0.13361482917480139,477.63199855906015,0.0061868968122653625,0.9354675392566066,-242.77799851124576,-1.2108729685175916e-05,-4.05015760912236e-05,1.0
hallway,DSC_7027.NEF,0.9143080050308341,0.004410024120373637,-150.39883549868756,-0.021676062631421394,0.9696784725652758,56.41300884746101,-1.4794173862118464e-05,5.294763272605926e-06,1.0
hallway,DSC_7028.NEF,0.8243200301702868,-0.006172539143183771,14.387008281385082,-0.04816979650416186,0.9086687860421062,163.46900647773901,-2.7923101263718148e-05,1.348397880566944e-06,1.0
hallway,DSC_7029.NEF,0.9792101965308226,0.017999205970498398,-272.4407130236481,-0.003754440926939509,1.0213279522017669,-27.627692162288447,-5.4407357151131224e-06,9.63108894244151e-06,1.0
hallway,DSC_7035.NEF,0.870485973557912,-0.0038511383629739266,-66.3837380224484,-0.03699654396714703,0.9379108833073546,116.85939340770693,-2.1083857723939293e-05,2.4159932804219897e-06,1.0
hallway,DSC_7036.NEF,0.917479692006643,0.008911203116478241,-161.10164545249788,-0.021710118348960784,0.976476497633706,47.39067135224083,-1.507756818794072e-05,6.9316058849514395e-06,1.0
hallway,DSC_7037.NEF,0.8409877670894108,0.046707296306375774,-68.89116157303191,-0.05917640034687156,0.978456435348749,110.48526362575926,-3.113377692860798e-05,1.931189415457902e-05,1.0
hallway,DSC_7038.NEF,0.9055898942074069,0.026448499614737535,-158.6245570743544,-0.03031403549335293,0.9903055244530453,47.0435250080867,-1.9105833442518285e-05,1.3249966236837218e-05,1.0
hallway,DSC_7039.NEF,0.8002546111866897,0.013487169038997356,38.30636033454156,-0.05843430388726588,0.916550210528426,169.4463211290797,-3.357442783955427e-05,7.703268261032827e-06,1.0
hallway,DSC_7040.NEF,0.9900705060760155,0.009594506733803316,-279.768802733222,0.001867335042822739,1.0180397704408881,-31.992607127939497,-2.5596659341608707e-06,6.685231033156265e-06,1.0
hallway,DSC_7041.NEF,0.8434853580098643,0.002812445440654499,-32.85417336111555,-0.04408731818386776,0.9284422794049917,133.3860594625613,-2.6206784814602398e-05,4.529078281702896e-06,1.0
hallway,DSC_7042.NEF,0.9886995478356635,0.013636399628446674,-286.8685723863936,0.0010929955657876412,1.0209628617139213,-35.53264483780976,-3.6052204009565718e-06,8.41008478717547e-06,1.0
hallway,DSC_7043.NEF,0.9237352188346822,0.019438752183266177,-186.83513793487603,-0.022465406835626502,0.9906545960959109,33.80596146570858,-1.521132410548883e-05,1.0337245732503937e-05,1.0
hallway,DSC_7044.NEF,0.9958960253589335,0.015476378673339218,-301.44044834852764,0.0022843665311499052,1.0272301695938075,-43.61995639675342,-2.4602530404278604e-06,8.81914686357255e-06,1.0
hallway,DSC_7045.NEF,0.9443642526897235,0.021474678202387004,-226.50975816477504,-0.017811256023003076,1.0055265428423035,14.570340132907138,-1.1533886971205953e-05,1.0764594993754987e-05,1.0
hallway,DSC_7046.NEF,0.9481922407283164,0.015898294708420312,-225.38738949356775,-0.014099133636407229,1.001570030495652,12.866236895197234,-9.654407395068257e-06,8.312771102867664e-06,0.9999999999999999
hallway,DSC_7051.NEF,0.9824225600059686,0.013641757726425252,-291.7829954041161,-0.0024482064977727276,1.017108932799274,-23.550289667596342,-4.396899776787102e-06,8.219787818952124e-06,1.0
hallway,DSC_7052.NEF,0.9962665682969931,0.010007970299684463,-313.9416436639273,0.0016413420597860915,1.0222609526510256,-36.84978810905738,-2.345104926578558e-06,7.410340236457011e-06,0.9999999999999999
hallway,DSC_7055.NEF,1.1389827367560785,-0.010349791711410867,-539.1565917952435,0.05129529290648435,1.0800453945194837,-165.6794323109254,2.4948206459232495e-05,8.519033287013534e-07,1.0
hallway,DSC_7056.NEF,0.5146366641823165,0.13666316864008077,382.7757428252454,-0.16269315497513198,0.8925966651872989,347.7126760663868,-8.901329863489692e-05,4.6425556485343514e-05,1.0
hallway,DSC_7057.NEF,0.8943703790002735,0.004372798151695985,-155.4989688222083,-0.02828604994403119,0.9574589244329021,77.279762429997,-1.834541767076785e-05,5.300496187902348e-06,1.0
image_theater,DSC_9703.NEF,1.0001780151007993,7.807770832929419e-05,0.0848418109963267,2.993586928200736e-05,0.9998751385164891,-0.24403521259503516,3.4810846566759926e-08,-1.165010758278039e-08,1.0
image_theater,DSC_9704.NEF,1.0000639197289167,2.7876342245235023e-05,0.19001416354291573,2.5689067408552753e-05,0.9997966282940023,-0.07239892923530379,5.075651030050198e-08,-8.497890826673287e-08,1.0
image_theater,DSC_9705.NEF,0.9997173547731476,-0.0005112552185941587,1.2121066803128875,0.0001467981739134182,0.999479151426506,-0.8264935849403156,-3.9776665259849864e-08,-2.2226026507267647e-07,1.0
image_theater,DSC_9706.NEF,0.9994260194475544,-0.0002142587915342631,1.2742448732469076,-6.350241410720648e-05,0.9998875773230473,-1.0127292745178642,-2.369696971045315e-07,7.360696845012265e-09,1.0
image_theater,DSC_9707.NEF,0.9999541195162789,-8.255403384596223e-05,-0.06976291837986205,-0.0001016561870362607,0.9995974549611175,-0.12563874455613933,-8.229466546901866e-09,-1.1112070421791689e-07,1.0
image_theater,DSC_9708.NEF,1.0001989115087224,0.00014601685133596495,-0.6360992502893184,-0.00019079015257913415,1.0001124465122735,-0.7651480992038127,4.205868508472262e-08,4.551707342342955e-08,1.0
image_theater,DSC_9709.NEF,1.000331430927703,0.00030067612813636604,-1.78132129254939,-6.483262501634392e-05,1.0002008442731627,0.25773033847092364,7.952458450397184e-08,-1.983382801483196e-08,1.0
image_theater,DSC_9710.NEF,1.0004834421016515,0.00045130921861618846,-1.615126693234297,-8.711972372139097e-05,1.0004068380881819,-0.14632553569667586,9.147037959931574e-08,1.4662863309450071e-07,1.0
image_theater,DSC_9711.NEF,1.000762716502936,-0.00023391590363921306,0.40033482188074226,0.0005994916034248891,1.0006071580083815,-1.8956744326992776,2.496591876672799e-07,3.483211221881241e-08,1.0
image_theater,DSC_9712.NEF,1.0000208449361725,0.00041335536509830816,-0.8006249310307384,-0.0001113980872703147,1.000081853968335,-0.13450841075700354,-7.399221045956388e-08,1.1489898022855138e-07,1.0
image_theater,DSC_9713.NEF,1.0000445732346679,0.0003477039404086901,-1.4680967912619938,-0.00014053573481376123,0.9999767735119163,0.09511537547403348,-3.38845244088286e-08,-7.233761734719628e-09,1.0
image_theater,DSC_9714.NEF,1.0000631154465915,0.00022056814446717364,-0.022544210051455064,0.00011767333578893036,1.0001680926373733,-0.48827080772998516,-3.329474925282367e-08,8.796593774780594e-08,1.0
image_theater,DSC_9715.NEF,1.0002458552381537,5.608195019710625e-05,-0.18100234803007836,8.348130634252885e-05,1.0003128365016654,-0.2977561373703566,5.873772859748606e-08,5.1900079232349333e-08,1.0
image_theater,DSC_9716.NEF,1.000344569192871,0.00015319622901595922,-0.4303684821549179,3.110075530641174e-05,1.0000658282930774,-0.347431135836044,8.560079594455068e-08,4.541116195080253e-08,1.0
image_theater,DSC_9723.NEF,1.0001246141904645,5.140576441493835e-05,0.05217179907983121,-0.00010107595301860608,0.9996292248343343,-0.06311069015364668,6.12101825644399e-08,-1.1143724592624838e-07,0.9999999999999999
image_theater,DSC_9724.NEF,1.000104586195964,0.0003329567758672299,0.10748502039876148,-2.2094313382855316e-05,1.000103971789183,-1.3450226586560783,-1.029437939060812e-07,9.671178459456352e-08,1.0
image_theater,DSC_9725.NEF,1.0002393567993442,0.0001367911495750862,0.5752969921415364,3.957657920624622e-05,1.0003710224058702,-1.6456640854923656,3.235794779876205e-08,1.2449932787388802e-07,1.0
image_theater,DSC_9726.NEF,0.9998319546453881,-0.00026846077396013105,1.1994905093616046,2.873498120410414e-05,0.9996624031317533,-1.3270618556208047,-1.1384058775572126e-08,-1.8888194901784273e-07,1.0
image_theater,DSC_9727.NEF,0.9982546220588074,-0.0014686278547083097,2.5562183951683632,-0.0004034837467484012,0.9964197944896402,1.3392765078356095,-2.2278368891082922e-07,-1.2555152062861108e-06,1.0
playground,DSC_9143.NEF,1.000220184832565,0.0003185782558295342,-0.9578869465034835,3.293309913114911e-06,1.0000790750186148,-0.28108609482977515,7.038079524964528e-08,-5.621220492418215e-08,0.9999999999999999
playground,DSC_9144.NEF,1.0000545305374262,7.273478023192495e-05,-0.28837491819007893,0.00011568596310349428,1.0000185806156345,-0.049835454921646864,3.561758478629258e-08,-8.223616108810267e-08,1.0
playground,DSC_9145.NEF,0.9998241001320909,0.0003043262127390108,-0.9757149313026351,-0.00022577811970186183,0.9998603824723112,0.9354977213902904,-1.5351401058048847e-08,-1.442225571289137e-07,1.0
playground,DSC_9146.NEF,0.9989009364644577,-0.0007874763529385062,0.8601536908523568,-0.0003290101072734082,0.9981476015422116,3.701229131937558,-7.430995913715412e-08,-5.435833545486513e-07,0.9999999999999999
playground,DSC_9147.NEF,0.9989512606881746,-0.0006786221460404384,0.8833434802131364,-0.00026252627222698186,0.9982805909004587,3.8360611556519064,-6.861907644105081e-08,-4.7420716475524686e-07,1.0
playground,DSC_9148.NEF,0.9980565129207416,-0.00077841156693573,1.1989068421485956,-0.0005388577720029505,0.9972841220683939,5.262808554422604,-2.328991903609957e-07,-6.731103832282083e-07,1.0
playground,DSC_9149.NEF,0.9988058779832413,-0.0006443472931559591,0.26716331778028624,-0.00018903564300002358,0.9978319655733626,4.41756348011322,-1.0859508871435923e-07,-6.328454063573025e-07,1.0
playground,DSC_9150.NEF,1.0001285659546282,0.0003603060925381025,-1.1985018208944427,9.895471665462144e-05,1.0001591411157043,0.9637121008821552,8.173378544041931e-09,-6.651050169076721e-08,1.0
playground,DSC_9151.NEF,1.0010239224663582,0.0006767363620572431,-1.9105939819314295,0.00039956343139708567,1.0008448850452614,0.3993668292593106,2.01870777590857e-07,7.227213599558336e-08,1.0
playground,DSC_9152.NEF,1.0010240074338594,0.0006458567605865992,-3.0734980747360514,1.8987062820954872e-05,0.9998321744268359,2.467159558931911,2.0972656438004395e-07,-1.6974535177870247e-07,1.0
playground,DSC_9153.NEF,0.9998444152330318,0.00034953788002035663,-1.3844043715908427,1.6725080533428088e-05,0.9990700242516702,3.519201840851251,4.950372167973638e-08,-3.7189246426083985e-07,1.0
playground,DSC_9154.NEF,1.0001871504987796,0.0005213857733101729,-2.321462202806117,5.8124916742919235e-05,0.9993400469175491,2.6894382812188016,9.47740528564501e-08,-3.6205689876102075e-07,1.0
playground,DSC_9155.NEF,0.9979218793239624,-0.0009552263012790463,1.4671182395385753,-9.731418359341041e-05,0.9957641317064715,5.113598744024454,-9.515665292828566e-08,-1.1734595060585606e-06,1.0
playground,DSC_9156.NEF,0.9996674352326113,-9.512760696150035e-05,-1.2399651057934495,0.00038269904023352876,0.9980188665015746,2.566618029487882,1.3515919379471652e-07,-6.999070908993549e-07,1.0
playground,DSC_9157.NEF,0.9988472817521341,-0.0017385736687726054,2.50291891649196,4.8592389010541395e-05,0.9970829707355761,4.894469116950665,9.028866433785424e-08,-8.542439541466965e-07,1.0
playground,DSC_9158.NEF,1.000581017545725,0.00011223902886228047,-1.6101717428764952,0.0003747550652056656,0.9997127320753754,1.470591793519031,2.2129227294783387e-07,-2.900405094780796e-07,1.0
playground,DSC_9159.NEF,0.9976092305781938,-0.003841037946352261,6.437764890872021,0.0006469217054520661,0.9941911040583088,4.961247072303674,2.5532928655515466e-07,-1.946894950791438e-06,0.9999999999999999
playground,DSC_9160.NEF,0.9983054128798078,-0.0004918729534000374,0.38790218813802696,-3.03167499536841e-05,0.9964485318474425,4.984146416589344,-1.0318061863620172e-07,-9.66661392074607e-07,1.0
playground,DSC_9161.NEF,0.9996393805322269,0.000406912393820299,-1.4580732108080177,-5.746820117623335e-05,0.9990312867465813,1.9956697083389736,4.7208204387643405e-08,-4.032042901381902e-07,1.0
playground,DSC_9162.NEF,1.0006199176980222,0.000325235789219952,-1.753933375465034,0.0002096409829745485,0.9999003333653317,1.154310241426315,2.436119484578583e-07,-2.2229372190693891e-07,1.0
rugs,DSC_0001.NEF,0.9996959456488546,0.00015305897391592888,0.06546404360071872,-0.00017943779375281492,1.0001124938912311,0.3084177730123495,-3.277158551150589e-08,-1.4300167697274536e-07,1.0
rugs,DSC_0002.NEF,1.0005556040297734,0.0004583591120865748,0.17964859792060658,-2.412696465744418e-05,1.001743752366812,0.9758337004606421,-1.1226752542081521e-07,1.0768120284155821e-06,0.9999999999999999
rugs,DSC_0003.NEF,0.9996940392937674,6.970375508715736e-05,-0.07849892153831045,-0.00020203585245323938,1.0000767579812044,0.6125311004239252,-2.1647665193264714e-08,-1.975649075696025e-07,1.0
rugs,DSC_0004.NEF,0.9997030496627612,8.806471110465098e-05,0.09468178487852291,-0.0001644214199130752,1.0002064785718805,0.3974013296916142,-4.394847972996942e-08,-8.640089974291527e-08,1.0
rugs,DSC_0005.NEF,0.9998092899209069,-2.525566423872759e-05,0.0490186486877934,-0.00015366524885179685,1.000054951181114,0.34920199476648667,-1.5777071553447566e-09,-1.5464798666956485e-07,1.0
rugs,DSC_0006.NEF,0.9997347326176939,2.1306507581029468e-06,0.1469248226734088,-0.00024449640383005064,1.000115996322167,-0.6100152001808864,-2.556332522645772e-08,-1.581212229162273e-07,1.0
rugs,DSC_0007.NEF,0.9996803448898374,5.417628866203262e-05,0.3615508479002811,-0.00016041294588687338,1.0002259812376648,0.5100391580143757,-2.5685209783624913e-08,-1.6415235601567492e-07,0.9999999999999999
rugs,DSC_0008.NEF,0.9997291881239004,4.892128771830196e-05,0.6970864797591354,-0.00011764274600868317,1.0004407064601917,0.2712395182397436,-5.837489764254532e-08,4.0714408655130864e-08,1.0
rugs,DSC_0009.NEF,0.999411027459689,-0.00048056424484779737,1.2996763050501063,7.633094513698886e-05,0.9997281807209185,1.4483864669440178,-3.2511865712347264e-08,-4.128360952876432e-07,0.9999999999999999
rugs,DSC_0010.NEF,1.000121740161942,0.00019636050398386812,-0.5217632813150561,-0.0002652713162240116,1.0006513547423375,-0.6187196974219968,1.9726473621109473e-08,1.270561621878733e-07,1.0
rugs,DSC_0011.NEF,0.9997415206661588,-0.00013456907378758153,0.2938338686953876,-1.5741780274673294e-05,0.9996905901919564,0.5044571197093557,-1.4855405738716599e-08,-2.1871549279510487e-07,1.0
rugs,DSC_0012.NEF,1.0003379262330743,0.00035969216708763013,-0.5189492405339345,-0.00019603341324054684,1.0009845381768192,-0.26465485569349184,-7.882987615476914e-08,6.354428306535009e-07,1.0
rugs,DSC_0015.NEF,1.0000683621117108,4.281765583105035e-05,0.013080205187154555,-7.480304961925838e-05,1.0005405924337791,1.261825000890443,7.7545216709427e-09,8.767006619215562e-08,1.0
rugs,DSC_0016.NEF,1.0000138331122785,-8.54172825609625e-05,0.05556818271757575,0.00018383207061567806,1.0001461260798228,1.5507480495402257,5.830465351050942e-09,1.9661747482213157e-08,1.0
rugs,DSC_0017.NEF,1.0000742664861335,0.00025985315721526543,0.11116970338217455,-0.00010767141616137551,1.000803122697897,1.0528627757051077,-7.867807766001896e-08,4.841958273335909e-07,1.0
rugs,DSC_0018.NEF,1.0000928414003252,0.0002644049618715195,0.04148549405357944,-1.7704042704511692e-05,1.0008326412233977,1.0158022184637336,-7.15599328100466e-08,4.3017690092086403e-07,1.0
rugs,DSC_0019.NEF,0.9997005441134108,0.00010445343833593008,0.1293555820961158,4.628383287150126e-05,1.0001244051331637,1.303862098178213,-5.893458263634768e-08,-4.123347811369908e-08,1.0
rugs,DSC_0024.NEF,0.9990339291550628,-0.0006642306666859611,1.639470701965646,-5.660502527220673e-06,0.999899752846942,1.2367745808601966,-5.528526077461664e-08,-6.857274525327779e-07,1.0
rugs,DSC_0025.NEF,1.0003036256150608,0.00013317317590526843,-0.02363540646524898,-3.131286184388202e-05,1.000939683335714,1.5778128699363347,2.32627727864939e-08,3.481335126151072e-07,1.0
rugs,DSC_0026.NEF,0.999589910286777,-0.00011832173450938599,1.0351001224582286,-0.00011230658200241384,1.00009780883534,0.9871305516632567,-1.8707780515202407e-08,-2.4708674551557283e-07,1.0
seat_rows,DSC_0102.NEF,1.0177160408494632,0.0713758154975463,8.857523899435996,-0.02700518861081398,1.2605639688697539,-134.2346193697106,5.270733064389453e-07,2.04367411283724e-05,0.9999999999999999
seat_rows,DSC_0103.NEF,0.8651171083248765,-0.014056152224533628,127.37998259045655,-0.07819162850656561,0.8489040468769862,202.56824512591942,-2.5348047435938277e-05,-5.217600015356124e-05,1.0
seat_rows,DSC_0104.NEF,1.0081908748027242,0.0554234862676879,24.8231521614504,-0.028647248381013672,1.24332543230762,-123.27054962475954,-6.123255738887345e-07,1.4290261003817516e-05,1.0
seat_rows,DSC_0105.NEF,0.9970196543138149,0.040986026214986614,37.44320952973389,-0.025544542016000024,1.2503402574712676,-137.91841103741663,-1.9521765405132526e-06,4.582237560801907e-06,0.9999999999999999
seat_rows,DSC_0106.NEF,1.013186312084998,0.06496749925812742,15.183384590833766,-0.027246863006433454,1.2556961752656364,-133.14183334933375,1.4077428947759429e-08,1.6918762801792e-05,0.9999999999999999
seat_rows,DSC_0107.NEF,1.013931766011207,0.06551112152652255,18.818892275420726,-0.026327161670481755,1.2730994131008257,-141.24311241950983,-3.0766239820129596e-07,2.3605567493976953e-05,1.0
seat_rows,DSC_0108.NEF,1.0161495592330743,0.06964851838639098,11.969986492724214,-0.026379078853974988,1.2666597770112569,-139.11899164561385,3.0592207710203104e-07,2.026638304584216e-05,1.0
seat_rows,DSC_0109.NEF,1.0127734634708712,0.06520391399636881,16.49550384290396,-0.02668047495725358,1.260401742860218,-137.56052630593308,-1.269574958604596e-07,1.7747501704824635e-05,0.9999999999999999
seat_rows,DSC_0110.NEF,0.9183098381259283,0.000389097184542689,98.87547152961949,-0.06087340492842643,0.9064383405376517,163.86815037674367,-1.4262222440660313e-05,-3.0900013841488196e-05,1.0
seat_rows,DSC_0111.NEF,1.0618333591142874,0.13905544219930785,-60.45830428481157,-0.02272856722762463,1.3313350086875722,-171.05537106933306,5.652151776217609e-06,5.152402224750657e-05,1.0
seat_rows,DSC_0112.NEF,1.0180222324024621,0.24874528067424576,-34.83565368647159,-0.03140974339418606,1.3432481506717007,-161.0052378440167,-7.316605591122409e-06,9.56013878435034e-05,1.0
seat_rows,DSC_0113.NEF,1.0158682336038443,0.07014326870326315,10.55352010016903,-0.027391028510253653,1.254059910213419,-131.51475324758556,2.487305395398329e-07,1.9074844818389e-05,1.0
seat_rows,DSC_0114.NEF,1.0003444594482152,0.04227414835765124,39.30264991050761,-0.02872838994792825,1.2345288363493723,-123.48246643241252,-1.4687483765966142e-06,9.161082077306786e-06,1.0
seat_rows,DSC_0115.NEF,1.0170301049592996,0.07302692647748678,6.792662991161432,-0.028138068606233014,1.2594650815195223,-130.57874441842694,3.854422784233646e-07,1.946034296142691e-05,1.0
seat_rows,DSC_0116.NEF,1.011026039622005,0.06053589909319445,21.094380286831182,-0.026161678185656425,1.2655087531512081,-139.90892772311014,-3.9453021137322865e-07,1.8159032269682908e-05,1.0
seat_rows,DSC_0117.NEF,1.0182305919187178,0.06603495919745224,16.69758322134077,-0.025173131780259563,1.2784666970140535,-147.59401488144334,8.684180853631836e-07,2.39264086349784e-05,1.0
seat_rows,DSC_0118.NEF,1.0166773915664526,0.07351937835854976,11.237838733004141,-0.02643405418738274,1.2771005549613508,-146.24348183021309,-7.427107157445127e-08,2.3852540613638096e-05,1.0
seat_rows,DSC_0119.NEF,1.0134001405014084,0.06440020338282748,17.199396012696905,-0.02559894553548648,1.2674217616086967,-142.43446060983902,-2.2426556259045178e-08,1.872967591991218e-05,1.0
seat_rows,DSC_0120.NEF,1.0077403230186175,0.056202978691689894,24.40874237734279,-0.02841633081191699,1.2450069770349024,-124.5658778899335,-6.460697595112012e-07,1.3710663324852403e-05,1.0
seat_rows,DSC_0121.NEF,0.9977858661573605,0.03775842046843031,43.64566840321297,-0.0289982970500716,1.2345186171061597,-121.18630621722761,-1.7660711574142019e-06,7.949795588995665e-06,1.0
study_area,DSC_7991.NEF,1.0056769405625312,0.005253279915243209,-27.098180280824828,-0.000491117682961977,1.0076484173203732,-8.509234932348654,8.574648830355828e-08,1.2050535419873484e-06,0.9999999999999999
study_area,DSC_7992.NEF,1.0111054768019543,0.02320240512766844,-51.06786725084488,0.00013903911687963762,1.0200165703753454,-19.71057024182903,-7.292223380777539e-08,5.778286467947118e-06,1.0
study_area,DSC_7993.NEF,1.0014274289890341,0.03373989294431518,-43.59246347219706,-0.0061605509187791195,1.0260874932518063,-11.810209609816638,-2.7457031011115783e-06,9.894273054365782e-06,1.0
study_area,DSC_7994.NEF,1.0084619155805845,0.0010906764035745762,-26.991313701175383,0.0005562624682189446,1.0072501328886971,-10.487292654521273,9.810906626737804e-07,-2.0013360361001306e-07,1.0
study_area,DSC_8018.NEF,1.0318538134997806,-0.0087940450878101,-59.72416476652983,0.008399028288013529,1.0121157202858433,-31.49121155511393,4.844334544093383e-06,-2.766395661053957e-06,1.0
study_area,DSC_8019.NEF,1.0189899528905955,0.00032982719194996323,-45.01557112964313,0.002946815633965521,1.0123201533704465,-20.125665373414282,2.3279494086371283e-06,-4.767508459932138e-08,1.0
study_area,DSC_8020.NEF,1.0169677834873354,0.001467345349278274,-43.96409870887109,0.0020883913322188546,1.0118115604245073,-18.14041420550125,1.805604370715104e-06,3.940084643089278e-07,1.0
study_area,DSC_8021.NEF,1.0056652688920655,0.006423975554340037,-28.79747068556421,-0.0005080623155488436,1.008597893334807,-11.082899779181997,1.1151945542004536e-08,1.417138387018775e-06,1.0
study_area,DSC_8022.NEF,1.026743027714716,-0.007386546201207687,-55.9270319808932,0.004168271895217419,1.0114030802691631,-21.356908427133586,3.475150093860412e-06,-1.8296357207371266e-06,1.0
study_area,DSC_8023.NEF,1.0134342379381487,0.006883709291034277,-40.94959763696665,0.0008269961511648539,1.0137981199772343,-16.265022081196435,9.460165119365448e-07,2.084546189426553e-06,0.9999999999999999
study_area,DSC_8024.NEF,1.0119358061362196,0.0037505053766846734,-38.61977548901373,-0.00010453831474308512,1.0106071950088467,-12.849834105016166,5.212612402341127e-07,1.5897446479094657e-06,1.0
study_area,DSC_8049.NEF,1.0052739215318056,0.012332318057400562,-33.46557635911812,-0.002124358313406822,1.0127258262038725,-8.780509328822117,-7.49217308892881e-07,3.705313744918293e-06,1.0
study_area,DSC_8050.NEF,1.0340347459859727,-0.0005319784881293595,-72.53283626307989,0.008238477068191254,1.0149515514523177,-30.276157687803824,4.790369099141285e-06,-1.132196705826318e-06,1.0
study_area,DSC_8051.NEF,1.009026338218928,0.005852216838008354,-32.65404955535877,0.00044630727969456895,1.0104952283134014,-12.611720797246088,3.7339386055027825e-07,1.8060762349782141e-06,0.9999999999999999
study_area,DSC_8054.NEF,1.0003612519980614,0.0017442578005736878,19.965918726430736,-0.00031101340428587606,1.0017956501520031,-5.17213514740391,-2.6343026836561806e-07,5.058135403142136e-07,1.0
study_area,DSC_8055.NEF,1.00076456933256,0.0027236795739146633,18.18043504494008,-0.0002707218461131799,1.0021871360298371,-5.379844736358005,-2.3350670229284145e-07,6.668528425015373e-07,1.0
study_area,DSC_8056.NEF,1.0003991337764842,0.002171261393095841,19.5328901863574,-0.0003890839302218541,1.0021542420410314,-5.882810885321167,-3.3647858445389743e-07,6.968089368882263e-07,1.0
study_area,DSC_8057.NEF,1.0009345348372998,0.0026749317523067843,18.55566048644447,-0.00021647765971235066,1.002745687551304,-6.510871096599555,-2.3477284746720393e-07,7.763069296559511e-07,0.9999999999999999
study_area,DSC_8058.NEF,1.000401157544734,0.0018534559296253265,19.941765743924734,-0.00020768155267398875,1.0016936810688635,-5.702097974026183,-2.101958015440953e-07,4.0226392957765187e-07,1.0
study_area,DSC_8059.NEF,1.0003507997540282,0.001571868000045362,20.521781568096536,-0.0001632311488479091,1.0014946207838487,-5.588931318056535,-1.9631414077337268e-07,3.5048076834599436e-07,1.0
stump,DSC_9073.NEF,0.995428864970044,0.0020385355255887225,61.889576096141894,0.004160009510002374,1.0030635546899875,-260.5885490642989,-1.4462557568516953e-06,4.318080488677976e-06,1.0
stump,DSC_9074.NEF,1.0069815813473104,0.009120159565253205,49.35445174541471,0.006055840157707826,1.0222108139065995,-283.19108324673766,-7.723865614521007e-07,9.42001405239652e-06,1.0
stump,DSC_9075.NEF,1.000598979570466,0.009042503269051877,52.38807410608111,0.003206741242522618,1.0140346710522845,-267.43945657878055,-1.950047283354548e-06,8.467314668606617e-06,1.0
stump,DSC_9076.NEF,0.9976084021514785,0.0062655670265752755,57.28281660364631,0.002563541898066297,1.009339760454128,-262.440177296867,-2.2870525797593347e-06,7.212387720954168e-06,1.0
stump,DSC_9077.NEF,0.9928287874846455,0.010104164982693984,60.94841878713828,0.00121893059525195,1.0095311265697444,-259.59247075212005,-3.3390138140644758e-06,8.505057147383607e-06,1.0
stump,DSC_9078.NEF,0.9990015646483494,0.008132870141452322,51.797082992316554,0.002841163254859702,1.0110582624422655,-263.5484113653582,-2.265179194398739e-06,7.6255139297082425e-06,1.0
stump,DSC_9079.NEF,0.9940066200991763,0.0016712025738238837,63.7378768525401,0.002719744509730488,1.0030707178005513,-257.3659464957991,-2.202838260303931e-06,4.909060001089112e-06,1.0
stump,DSC_9080.NEF,1.0005800820976054,0.006804004458011044,55.10342839351414,0.003027192877840307,1.0122390753548887,-265.36874527006927,-1.808310940960658e-06,7.806890398158702e-06,1.0
stump,DSC_9081.NEF,0.9966364370800563,0.006263041223122775,57.84338770219225,0.0019904562638603804,1.0086237099371727,-260.7549864515294,-2.68681664777499e-06,7.83747795139011e-06,0.9999999999999999
stump,DSC_9082.NEF,1.0014667922966296,0.009845721226785203,51.80629538463715,0.0037919991357398897,1.0156532509575549,-270.4522718658074,-1.8786106393862742e-06,8.853597903713917e-06,1.0
stump,DSC_9083.NEF,1.0026210674949816,0.007523028047686071,53.13787746718211,0.0037255909992454247,1.0150789121104071,-268.9990820503847,-1.4799707106444871e-06,8.275472440213762e-06,0.9999999999999999
stump,DSC_9084.NEF,1.0010557970441833,0.01011160774254846,49.90511114687033,0.0033122584680224405,1.0148555504486763,-269.0171119415766,-1.9583514437836388e-06,8.5813396895333e-06,1.0
stump,DSC_9085.NEF,1.0039847399964168,0.00482193556473185,57.197999787479745,0.0039059036611625414,1.0160966664693265,-270.3597108537579,-9.526342900351918e-07,7.88810403449388e-06,1.0
stump,DSC_9086.NEF,1.0006138157392357,0.006969807450964627,56.45512987450015,0.003321597520818978,1.0131758121874945,-267.0441189408456,-1.7610715352790814e-06,8.06630707861206e-06,1.0
stump,DSC_9087.NEF,0.9980954886284955,0.0077550152194347495,55.431456202206014,0.002674098737404704,1.0107809388391642,-264.4865457639269,-2.3016801857213095e-06,7.671255876879055e-06,1.0
stump,DSC_9088.NEF,0.9967424587962491,0.00635184560445007,58.1779154840481,0.002718520411393886,1.0092584312364932,-263.86660427323926,-2.456965362032489e-06,7.168470271609255e-06,0.9999999999999999
stump,DSC_9089.NEF,0.9999122393256077,0.009741093581321499,49.97446697302198,0.0028906725271231615,1.012589923600994,-266.07506951687765,-2.202925629792155e-06,8.22022768422237e-06,1.0
stump,DSC_9090.NEF,1.002544112365044,0.010339990882337155,49.501479469146595,0.003632118208042114,1.0165185834915578,-269.44808568950504,-1.7212055108137124e-06,9.012545020948426e-06,1.0
stump,DSC_9091.NEF,1.0005790838185327,0.008442204436306978,52.534321317410146,0.003179304367209647,1.0133709401377569,-265.8212438367666,-1.945653780887937e-06,8.210037962356072e-06,1.0
stump,DSC_9092.NEF,0.9965772516236632,0.010267995674165063,56.1459580016789,0.0018153393304537638,1.0114105485004938,-260.13723790539376,-2.6664743966321315e-06,8.676787216111474e-06,1.0
subway1,DSC_1135.NEF,0.6085346563892584,-0.44203760956857385,2610.266558802009,-0.010241875928944438,0.8483289087126761,-248.36073532535866,-9.321866101479652e-05,-9.853122152269683e-05,1.0
subway1,DSC_1136.NEF,0.7004670409958492,-0.5568351450289654,2633.769412650996,0.0525500072834052,0.7505345181054635,-180.57306019928006,-4.771357701794052e-05,-0.00013845188255632348,1.0
subway1,DSC_1137.NEF,0.4788570815196256,-0.6478676850571725,2683.230962855807,-0.026331806384698533,0.5954119917594638,3.7231966002731167,-9.283645288443562e-05,-0.0001712694607213089,1.0
subway1,DSC_1138.NEF,0.6610714514277118,-0.44714053020024946,2602.713095726292,0.01307206089069238,0.8600941345412969,-272.53760731921676,-7.796545981734253e-05,-0.00010078411345332648,1.0
subway1,DSC_1139.NEF,0.7656752617530062,-0.35980596252644415,2558.154068571213,0.04167021970399277,0.9782663569790084,-402.1719640628919,-6.450566641788985e-05,-7.152553335350763e-05,0.9999999999999999
subway1,DSC_1140.NEF,1.0364100389020157,-0.27059674853472276,2538.3216110070266,0.13146946963382486,1.158279359730579,-605.0993690174735,-1.3930098897907833e-05,-2.8625921016991295e-05,0.9999999999999999
subway1,DSC_1141.NEF,0.7949957519277321,-0.7570433427390766,2605.02812203338,0.08406132779435234,0.5028072691358763,53.82045450882295,4.607435153847303e-06,-0.00022165634953089745,1.0
subway1,DSC_1142.NEF,1.043174321846315,0.046715558002203436,333.1423631853982,0.011790458744986866,1.0463592789214162,-327.60851309479784,1.3364752807296533e-05,3.6891822368057945e-05,1.0
subway1,DSC_1143.NEF,0.48054081539885185,-0.560110122182846,2490.869621218714,-0.06341217132305432,0.5637149012481574,46.355728279847085,-9.492383647396457e-05,-0.00016659758040732652,1.0
subway1,DSC_1144.NEF,0.5998365680040721,-0.6079286554135418,2408.7247702918035,-0.047303007471585674,0.45738546625270804,160.2471036413192,-3.440234007785604e-05,-0.0002056821864511092,1.0
subway1,DSC_1148.NEF,0.9588787015394762,-0.002757268397132422,407.2796773340687,0.003699111742365132,0.9712435985047956,-279.0257008402369,6.233036473942764e-07,5.384123940413211e-06,1.0
subway1,DSC_1151.NEF,0.9639211149031427,0.004098089891208937,405.3918794479857,0.002343714339303667,0.9840853272033665,-283.2632843607486,1.8423279289080866e-07,1.2557709510727138e-05,0.9999999999999999
subway2,DSC_1207.NEF,0.9084114481088905,0.0026183137883695803,217.16188444463967,-0.0025434596372478067,0.916215901308831,79.61841985389792,-3.0251134838282343e-06,3.416076507509895e-06,1.0
subway2,DSC_1208.NEF,0.908930439872432,0.0037624419059216676,215.58246351415585,-0.0034371114614146596,0.9169413093987695,81.21147477265498,-3.1992236453475083e-06,3.8835856619393425e-06,1.0
subway2,DSC_1209.NEF,0.9082492329735716,0.002904377754984706,217.0551950082117,-0.0028952478534868603,0.916030342722212,80.52396678993432,-3.1309579793299806e-06,3.3338310038765653e-06,1.0
subway2,DSC_1210.NEF,0.9083354744305948,0.003283814004256653,215.2653217018699,-0.0031758051154548404,0.916357992190758,82.03518549383533,-3.114070527910646e-06,3.441227465511796e-06,1.0
subway2,DSC_1211.NEF,0.9086570859517651,0.0034165071451507933,216.12303357897406,-0.003160414620936176,0.9166998580189308,81.1992368432458,-3.079883990567355e-06,3.6505047015293986e-06,1.0
subway2,DSC_1212.NEF,0.9075052832779026,0.002647233611614842,217.08746044782615,-0.0033841337179287717,0.9152232882535699,82.23357424403962,-3.365518990809484e-06,3.0833805581378563e-06,1.0
subway2,DSC_1213.NEF,0.9088488369023981,0.003372392318789097,216.34202429319933,-0.0030885606089975934,0.9166079302556832,81.1738017739925,-3.007018263239221e-06,3.6798369031074568e-06,1.0
subway2,DSC_1214.NEF,0.908963412753939,0.0033863485500322745,216.33733389475478,-0.0027779261962079856,0.916516788545985,80.48493012866096,-2.9368549115709928e-06,3.5106078093880293e-06,1.0
subway2,DSC_1215.NEF,0.9075706073519881,0.0025909562218625944,216.61384708502067,-0.0031042420693441104,0.9149469997534428,82.01229849511473,-3.167086505680728e-06,2.775005307969983e-06,1.0
subway2,DSC_1216.NEF,0.9083523645503451,0.0029868555254410666,215.96410766081286,-0.0031336112815873963,0.9157758337515581,81.69674800802665,-3.0392862751232252e-06,3.209936892091569e-06,1.0
subway2,DSC_1217.NEF,0.9087086691754639,0.0035062385369702353,215.11854067272503,-0.003270025808572716,0.9163964868080333,82.35736241233467,-3.0393865464210323e-06,3.540638647011967e-06,1.0
subway2,DSC_1218.NEF,0.9077749123562224,0.0026420899442009113,217.1395774722136,-0.0032121893819690855,0.9155601097494639,81.50286032829989,-3.1423077299111177e-06,3.1838356838645376e-06,1.0
subway2,DSC_1219.NEF,0.9088113616796385,0.0029036392977527022,217.1752730849616,-0.0026437333775245642,0.9166802529319666,79.87105822009853,-2.7693504213133443e-06,3.513442893738594e-06,1.0
subway2,DSC_1220.NEF,0.9082853555526196,0.002926235369364303,217.3494760873752,-0.003288422695156344,0.9157957896961478,80.63909865846998,-3.1676128896379632e-06,3.4008574105751652e-06,1.0
subway2,DSC_1221.NEF,0.9082154411713541,0.002998522657172854,217.54009537654943,-0.0032812255896087677,0.9157838280973588,80.64489256705467,-3.1901912864301122e-06,3.382858560284723e-06,1.0
subway2,DSC_1222.NEF,0.9084926078339928,0.003098269598013872,217.11453010596043,-0.0031569671230814674,0.916415732865047,80.53506680230457,-3.1217243088886483e-06,3.6639427666856707e-06,1.0
subway2,DSC_1223.NEF,0.9085900785055492,0.0029953700296013164,217.21381207456585,-0.0027809301805470335,0.9164085007350564,80.35116291349404,-3.026499557088213e-06,3.4966355295609583e-06,1.0
subway2,DSC_1224.NEF,0.9078003163374093,0.0030994641907826884,217.65863427890793,-0.0032986175723140245,0.9157248035381038,80.8007572797643,-3.310755184419632e-06,3.21326270181086e-06,1.0
subway2,DSC_1225.NEF,0.9076266335207053,0.002885396040812455,216.23738704296255,-0.0035576771347519166,0.9151035237384925,79.90410111248943,-3.4564687903098497e-06,3.145995762905083e-06,1.0
subway2,DSC_1229.NEF,0.9083821732530549,0.0035240851623805783,215.81947439744795,-0.003766169175050421,0.9161187949178154,82.19528451527525,-3.1265075877990716e-06,3.4997926503268117e-06,1.0
theater,DSC_8414.NEF,0.9997389216035965,-8.267555388829183e-05,6.979796234655399,-0.00018999791556117062,0.9998617060383217,-1.8066365903990032,-8.327507043542643e-08,-4.1112060900535575e-08,1.0
theater,DSC_8415.NEF,0.9998882923119171,-0.0003196359950672309,7.174936362277454,-0.0001584340308814559,0.9999288638517033,-2.053204818246949,-3.9983114932326966e-08,-6.362602009587199e-08,1.0
theater,DSC_8416.NEF,0.9995649087756229,0.00022917426926021033,7.337812562048913,-0.00021645728551931878,0.9999976206255767,-2.187108478465983,-1.2166033861289337e-07,7.135844147197787e-08,1.0
theater,DSC_8417.NEF,0.999826617035432,0.00014808453953242293,7.192407231428547,-0.00017119147569292587,1.000116526989667,-2.3018428925748697,-7.78010324201411e-08,5.8876866804429475e-08,1.0
theater,DSC_8418.NEF,0.9993971936808864,0.0002420218997164138,7.699028931585371,-0.00029529953500293785,0.9998737132881533,-1.969499672717954,-1.58742643411847e-07,8.522960457000444e-08,0.9999999999999999
theater,DSC_8419.NEF,0.999593301824245,-0.0002861880617814626,7.712800018270123,-0.00026848706392210885,0.9996746348361799,-2.0025740647628707,-1.1014936160117204e-07,-7.94577461847362e-08,1.0
theater,DSC_8420.NEF,0.9995231589929636,8.670583780405692e-07,7.815830467459315,-0.0002392291095044394,0.9998843039784656,-2.139583495593301,-1.1985879486525512e-07,9.740422925593784e-09,1.0
theater,DSC_8421.NEF,1.0018790464035927,0.0005975604401774613,3.797062986925824,0.00011524450879241885,1.001444548429454,-3.2352413146886967,2.2373435875596217e-07,2.2960778194938166e-07,1.0
theater,DSC_8422.NEF,0.9975833874897369,-0.001203732538732353,10.961695123540496,-0.0005942510221699073,0.9978272499289434,-0.25356590888369385,-3.6943927480079656e-07,-4.956939928912792e-07,1.0
theater,DSC_8423.NEF,0.9993488188727462,2.2034784564773367e-05,7.532074076178657,-0.0002575995922536967,0.9997814591656015,-1.8214834432683515,-1.4985840016488255e-07,-5.521552370785302e-08,1.0
theater,DSC_8424.NEF,1.0001312234912354,0.00019588470683811848,6.379145211507307,-0.0002571496381776554,0.9999466342178274,-1.8965617501469894,-3.719151185871154e-08,9.46981331094388e-09,1.0
theater,DSC_8425.NEF,0.999738225422348,0.0001991901857278692,7.066198109792047,-0.00027965138099863705,1.0001191557951772,-1.9340013608273856,-9.226976691937274e-08,5.3906931902212216e-08,1.0
theater,DSC_8426.NEF,0.9995139468992528,0.00016236576433799083,7.353509715591391,-0.0003202448299373761,0.9999718744279997,-1.8266491933875204,-1.2439621472346914e-07,3.909346770302535e-08,1.0
theater,DSC_8427.NEF,0.9995840292812415,-4.294067382427724e-05,7.340654744508452,-0.0002919325885706979,0.9997736449585987,-1.8701000844233915,-1.0316603789547962e-07,-3.973128750455992e-08,1.0
theater,DSC_8437.NEF,1.003073452618828,0.001982549848356558,-9.792256117464039,0.0005040378345420086,1.0017018218783575,0.19750101678482831,9.166467837807211e-07,9.876999089369723e-08,1.0
theater,DSC_8438.NEF,0.9922244586993585,0.0012675828813218182,8.041145617071928,-0.00016666879826583036,0.9938714178400921,4.075325786865801,-7.320016506364159e-07,5.6443510581393266e-08,1.0
theater,DSC_8439.NEF,1.0062962033270064,0.010913926339779768,-15.425777991652893,0.0031458954550544985,1.0087569049659526,-13.48343571158716,1.2987416102964235e-06,3.2381813873363586e-06,1.0
theater,DSC_8440.NEF,1.0934718458612225,0.0436927356260645,-132.4651073793377,0.015873952051235922,1.0699100899315015,-50.946422717902365,1.4906540564147268e-05,1.892078477766408e-05,1.0
theater,DSC_8441.NEF,0.9857069232194134,0.003391553605348035,20.37073615056079,0.002212216740765023,0.9925180374645235,-2.9581903678979518,-1.6247822119819442e-06,4.75741626407213e-07,1.0
theater,DSC_8442.NEF,1.1189560494166928,0.062190836448573504,-189.4083812155916,0.02061380755882346,1.0931280410696926,-75.1219386008182,1.7701698624458813e-05,2.376796384718095e-05,1.0
tree_tunel,DSC_9414.NEF,1.0056420881553707,0.0018740823884946466,-7.178519893051191,0.0010931082318558546,1.0039400237667349,-8.10576236635191,8.095753263824052e-07,4.3088010397559583e-07,0.9999999999999999
tree_tunel,DSC_9415.NEF,0.9658778360443955,0.004981251786972946,44.17149178384679,-0.001023478741319779,0.982361686975921,-1.5679578519636208,-6.818176467377168e-06,1.6532464654587467e-06,1.0
tree_tunel,DSC_9416.NEF,1.0025874497931402,-0.0015650222624143078,-2.3477690154979975,0.0013585998480701935,1.000643670088689,-9.628215593568985,3.286033058920842e-07,-8.337175670784017e-07,1.0
tree_tunel,DSC_9417.NEF,1.0006899152014006,0.0014430243435641164,-1.9860649667780828,-3.6251213710208366e-05,1.000870419693824,-6.290049775700233,-3.4566032264631604e-07,3.5156707016566014e-07,1.0
tree_tunel,DSC_9418.NEF,1.0032287686098862,-0.0017794636152206793,-3.331067513780664,0.0018205802728924944,1.0008000182613082,-10.70746549771161,4.160216970699599e-07,-8.264758793631518e-07,1.0
tree_tunel,DSC_9419.NEF,1.0181107119057973,0.0006525813237160781,-20.046127002696334,0.004396790440883283,1.0099359770249308,-17.773678214375185,3.828486930083742e-06,-7.102681721475572e-07,1.0
tree_tunel,DSC_9420.NEF,1.0578254222764463,-0.007081380610649567,-69.1938118346558,0.008698936322147915,1.0280540480766536,-27.446928827565912,1.1751641135041014e-05,-3.024011458536665e-06,1.0
tree_tunel,DSC_9421.NEF,0.955648012611524,0.00467020315849365,56.762408336663285,0.00041331018316908034,0.9792651679041589,-7.4388542149219825,-8.946148926478812e-06,1.5691373368085724e-06,1.0
tree_tunel,DSC_9422.NEF,0.9749632029973657,0.016084857633607574,29.641879402082232,-0.0013150893044706282,0.9919365360650806,-4.2577536119831425,-5.593167916324166e-06,6.2048316718053e-06,1.0
tree_tunel,DSC_9423.NEF,1.0141603800798233,0.0022212249302591292,-19.080455174432817,0.0019053206942882932,1.0087941366072664,-11.90959115633006,2.2692955143149654e-06,7.786603897281027e-07,1.0
tree_tunel,DSC_9424.NEF,1.0031260032403164,-0.00039790546632798935,-4.070595542413248,0.000784739588248191,1.0019304854625923,-8.339251765079132,3.065721644734998e-07,-3.287432534004637e-07,0.9999999999999999
tree_tunel,DSC_9425.NEF,1.0026490298569795,-4.763934274834384e-05,-3.093733300493882,0.000959794990930815,1.0024778930163656,-9.65764743439376,2.089576439255517e-07,-1.0974275625160146e-07,1.0
tree_tunel,DSC_9426.NEF,0.97958520273498,0.0061066265993619875,27.338490779518,-0.00451312973035073,0.9947201567370183,5.23118908573974,-4.004614185106784e-06,1.8800261746784915e-06,1.0
tree_tunel,DSC_9427.NEF,0.982239777730728,0.008157225226480238,23.66398662307282,-0.003382131898301912,0.9966341164353647,1.8271889395834082,-3.5045542835245037e-06,2.4827660841263786e-06,1.0
tree_tunel,DSC_9428.NEF,0.9885937540377971,0.0026045906575967023,15.31337261071503,-6.710209005316048e-07,0.9956353014065467,-5.459321452691889,-2.351888573507941e-06,7.18988849464315e-07,1.0
tree_tunel,DSC_9429.NEF,0.9991005238963604,-0.001222430607627016,2.5240678238602205,0.001023541414642984,0.9997793570976443,-7.479868405640342,-2.9548557405788596e-07,-5.571979955288062e-07,1.0
tree_tunel,DSC_9430.NEF,0.9941655775305489,0.00275533092708865,7.4794439371507275,0.00017755362834479666,0.9986786474653091,-7.167857791821875,-1.4462139008556645e-06,7.477881414401887e-07,1.0
tree_tunel,DSC_9431.NEF,0.9892334179111196,0.005702661603223334,13.616356556551624,-0.00017723911555771188,0.9978941919804531,-6.617953078031425,-2.434160922722259e-06,1.9121798962476606e-06,1.0
tree_tunel,DSC_9432.NEF,1.0061664044508145,-0.0009289534237203546,-9.5872175419327,0.0001228220745425852,1.0030954358825779,-5.4751640780244335,7.418045126754942e-07,-4.3780124635294665e-07,1.0
tree_tunel,DSC_9433.NEF,1.0037157526375924,-0.000763258780971059,-3.9485610488823353,0.0011268817790018664,1.0024209860042166,-8.095879466193184,5.855626391332773e-07,-5.061265493082175e-07,1.0
uncle_fatih1,DSC_0937.NEF,1.018217885285072,0.0027579970980734017,-282.96239054093746,0.0071769538426947645,1.0096511246997826,-3.7163667580652517,4.809809545253012e-06,3.3368185291766623e-07,1.0
uncle_fatih1,DSC_0938.NEF,1.0166870090045645,-7.623547590037666e-05,-276.8427135904107,0.007082707160690436,1.0069794903518614,-2.7589305718910397,4.515151815728106e-06,-7.949026574651016e-08,1.0
uncle_fatih1,DSC_0939.NEF,1.0183438331107468,0.0026917891313827072,-281.63558838594264,0.006871314266529908,1.0096995786302283,-2.8884971198757983,4.919901896007613e-06,1.1136151001730761e-07,1.0
uncle_fatih1,DSC_0940.NEF,1.0154542250213883,-0.0013666664469673207,-275.0658053007851,0.00638148585011064,1.0055367436325426,0.14838057107972769,4.19782068427009e-06,-1.9094546763270134e-07,1.0
uncle_fatih1,DSC_0941.NEF,1.0173881191867487,-0.001098482018581864,-278.2291800042935,0.006866077553915623,1.0067012365633832,-1.688171164093108,4.62925165520466e-06,-3.657993942922596e-07,1.0
uncle_fatih1,DSC_0942.NEF,1.0177758859091866,0.003181729809162271,-279.681049830248,0.007022283552853649,1.0100092570017711,-5.292571217268276,4.665013634311969e-06,4.961129320617328e-07,0.9999999999999999
uncle_fatih1,DSC_0943.NEF,1.0166419391671362,0.0014564273722390017,-281.5241369386116,0.006547477357966594,1.0077813921656076,-6.1526441268395295,4.345894405197717e-06,3.837271873988233e-07,1.0
uncle_fatih1,DSC_0944.NEF,1.0158822870143682,-0.000895583346652668,-277.17186013199245,0.006766054081564981,1.0059909140186156,-3.2512397053556263,4.303475569536636e-06,-1.2628015903488636e-07,1.0
uncle_fatih1,DSC_0945.NEF,1.0184988176861693,0.002604795739073995,-280.8032805153727,0.00718470589870359,1.0100371466941664,-5.786164336137222,4.9130777902735964e-06,2.3402421217191305e-07,0.9999999999999999
uncle_fatih1,DSC_0946.NEF,1.0168210556165493,4.749117651574366e-05,-277.3125012799034,0.007239479660575953,1.0071513288469445,-8.35402808709215,4.574574285733924e-06,-1.733943974908766e-07,1.0
uncle_fatih1,DSC_0947.NEF,1.0174774864989977,0.003331903414820081,-281.4936023349971,0.0067616433733671535,1.0094828571952534,-6.661571063930786,4.598835533555627e-06,4.6866827780182883e-07,0.9999999999999999
uncle_fatih1,DSC_0948.NEF,1.0173415088200461,0.001259574076852572,-279.24956924711677,0.006633106490005545,1.0082214995193939,-5.125623166694602,4.645845371519822e-06,1.4726176323208457e-08,1.0
uncle_fatih1,DSC_0949.NEF,1.016765892813348,-4.529196545897946e-05,-270.2524163681696,0.007974332458806587,1.0075831154427697,-8.03809973017952,4.533585727883212e-06,-1.5863446890505336e-08,1.0
uncle_fatih1,DSC_0950.NEF,1.0172467012342863,0.0027468329773955294,-277.53613846315693,0.007151669449857768,1.0093665424693552,-12.087527428586283,4.590360346554126e-06,3.9023488948452166e-07,1.0
uncle_fatih1,DSC_0951.NEF,1.0164662902882058,0.0003919135752267735,-276.97389654927736,0.006641741774862127,1.0068710724680017,-5.700275562965296,4.434985531086e-06,-3.1953691980524705e-08,1.0
uncle_fatih1,DSC_0952.NEF,1.0166246792096358,0.002176168791537372,-277.5301138474576,0.0064709157881200335,1.0081126950382844,-5.335614550412728,4.303503448193948e-06,5.979259502980648e-07,1.0
uncle_fatih1,DSC_0953.NEF,1.017098711001327,0.0005743285544671166,-276.60948957446993,0.0071944431062152805,1.0072664421209008,-6.342164225975504,4.672745047851175e-06,-2.386944252937744e-07,0.9999999999999999
uncle_fatih1,DSC_0954.NEF,1.0157656600770475,-0.0011579454709134262,-275.1480567359161,0.006598058533620863,1.0061325594831625,-4.106942876874932,4.300001863306082e-06,-2.2031949624842248e-07,0.9999999999999999
uncle_fatih1,DSC_0955.NEF,1.016385301076288,0.0016867199597486485,-277.1505633103216,0.006212639381449603,1.007872899639806,-3.9948924449103913,4.211906701266555e-06,6.325125565201952e-07,1.0
uncle_fatih1,DSC_0965.NEF,1.0162296331324214,0.0007568199748462627,-275.02107698088935,0.006415641025192355,1.0071476715569438,-1.5424640077796472,4.289013301920586e-06,2.4687917469897685e-07,1.0
uncle_fatih2,DSC_1024.NEF,1.0151490891854682,0.010916081596221214,-24.66155373312124,0.001283243231676593,1.0225522505663562,-27.750798796584764,8.094013171782763e-07,4.77326768889485e-06,0.9999999999999999
uncle_fatih2,DSC_1026.NEF,1.008845636064728,-0.003813228854959454,-6.985903308203667,0.0011485557890425204,1.0068963396960577,-15.6258007954691,9.531863688300552e-07,-6.529522993432394e-07,1.0
uncle_fatih2,DSC_1027.NEF,1.0077634891676883,0.0026738464264063006,-11.27436140462443,0.0008532130576369903,1.0070774826627247,-13.829726884453814,6.821094316572079e-07,3.543847828597647e-07,1.0
uncle_fatih2,DSC_1029.NEF,1.001200621533592,-0.017838405407437075,16.87593035871465,0.0008821015260511798,0.9955519802835942,-6.2435937331616875,7.154085000834686e-07,-4.234145096735987e-06,1.0
uncle_fatih2,DSC_1031.NEF,0.9942004210332016,-0.01647734503436784,25.49475518877511,-0.0010183012979412558,0.9896267574109255,3.449333582782704,-6.328685426071404e-07,-3.692253678879025e-06,0.9999999999999999
uncle_fatih2,DSC_1033.NEF,1.0185898473425914,-0.0037138139035974536,-27.534888688312066,0.002880218885095275,1.0097365333137125,-17.230069951136958,2.2353161042932195e-06,-5.207993778352266e-07,1.0
uncle_fatih2,DSC_1034.NEF,1.0084595429607448,-0.009585430724666614,-2.5677157952847023,0.0018820911881691337,1.0021891013215178,-11.953160267637882,1.3989103688099375e-06,-2.5503146901403293e-06,1.0
uncle_fatih2,DSC_1036.NEF,1.0007184345439182,-0.007377389561329849,10.196607116034894,5.073197985171552e-06,0.9998461909389222,-7.522775531255676,8.201315179046577e-08,-1.8375883791404566e-06,1.0
uncle_fatih2,DSC_1037.NEF,0.9962851647958444,-0.02003944553241733,27.974761131405035,-0.0005805037247548281,0.9908858784463997,0.7644939391655703,-8.50417927283745e-08,-4.528612280052598e-06,1.0
uncle_fatih2,DSC_1039.NEF,1.0074061494587736,-0.007870823372551003,-0.5852659940253411,0.0014547422877485131,1.0031309860937574,-11.83014862578102,1.0059444317733761e-06,-1.2827186778575145e-06,1.0
uncle_fatih2,DSC_1040.NEF,1.0063748371501524,-0.005353286188288888,-3.3845771256449266,0.0009451678781928174,1.0041170321893262,-11.900660497257993,9.322195186386859e-07,-1.562129485992221e-06,1.0
uncle_fatih2,DSC_1042.NEF,1.0149301413295866,-0.00978403085447676,-15.144745621754613,0.0026322832122391646,1.0060593720088298,-18.118317072276096,2.160509317799874e-06,-2.0598879830910553e-06,1.0
under_tree2,DSC_7822.NEF,1.0020279166986341,-0.0008622463500233625,-2.142167704594586,0.00209682059935083,0.9978166572538767,-1.4820156220400194,2.750752445422459e-07,-8.592601039727703e-07,1.0
under_tree2,DSC_7823.NEF,1.0017256666273588,0.0023519953613148677,-3.181265871587369,0.002370742797650295,0.9958906629377869,-0.7600081688905558,2.17823880235108e-07,-5.584531967741467e-07,1.0
under_tree2,DSC_7824.NEF,1.0040796805825938,-0.004441430105292328,-1.857027423809529,0.002118877432704523,0.9942102956584331,0.03211222755818841,1.2281531000570755e-06,-2.7941650730309007e-06,1.0
under_tree2,DSC_7825.NEF,1.0041859511858036,-0.0011265447411475643,-2.7961886675068057,0.0031514706956691668,0.9977828895688298,-1.063244350835134,1.0302556735658758e-06,-1.3681397248143967e-06,1.0
under_tree2,DSC_7826.NEF,1.00323952223194,-0.0011034067707070563,-2.7576303340818593,0.00311553842337257,0.9942077581112921,-0.482990455530644,1.1007268798665665e-06,-2.6075395282077148e-06,1.0
under_tree2,DSC_7827.NEF,1.0046570556437422,-0.0015253072691135718,-2.6992642267682383,0.002700390204722979,0.9984944555275298,-1.0620886775308245,9.485996444822571e-07,-1.0413369309929069e-06,1.0
under_tree2,DSC_7828.NEF,1.0042024915571033,-0.003161329637487038,-1.9635062588493721,0.0027874713664504587,0.9972665597690317,-1.6281417339237225,8.309023025708377e-07,-1.4269570220187832e-06,1.0
under_tree2,DSC_7829.NEF,0.9995809522042001,0.004461333880805403,-3.0411819299987872,0.0008415102512698792,1.0009791060962898,-1.2905621983567939,-1.3487182803670583e-06,2.989678877107942e-06,1.0
under_tree2,DSC_7830.NEF,0.9996152062341879,-0.0014076479686147229,-1.4720539054759272,0.0020071183200831635,0.9946300050401479,-0.3706230220174726,-9.677019952950072e-07,5.639540864850306e-07,1.0
under_tree2,DSC_7831.NEF,0.9995749965558378,-0.0014612334383576765,-1.1053252072019417,0.0015095860870000743,0.9958999672989595,-0.5797646692270575,-7.948224410480063e-07,-5.89301450965477e-08,1.0
under_tree2,DSC_7832.NEF,1.0045419366011266,-0.0013678907407477588,-2.26768393025163,0.002109577844394076,1.0004196863057109,-2.513459136245382,7.152553462893503e-07,-5.043850559874309e-07,1.0
under_tree2,DSC_7833.NEF,1.0045560529121875,-0.0014933326552888726,-2.3725942738967807,0.0020291763035634367,1.0001771059878248,-1.693874170555446,7.162674547288928e-07,-5.222982285951906e-07,1.0
under_tree2,DSC_7834.NEF,1.001854355118783,0.003731662800843207,-3.5293411231778844,0.001704680500767145,0.9990197785121544,-0.8501350770250231,-2.0364551822998082e-07,1.1207299493022493e-06,1.0
under_tree2,DSC_7835.NEF,1.002952941243356,0.00035090968521194334,-3.130112935744642,0.0012710509778537842,1.0011134520883538,-1.523001229796068,2.557730659650707e-07,-3.087710928380718e-07,1.0
under_tree2,DSC_7836.NEF,1.001801423467809,-5.460587303792124e-05,-2.551351670673152,0.0002228579491497343,1.002127926835768,-1.5392940588157205,-2.5815478666949253e-07,2.022346018185722e-07,1.0
under_tree2,DSC_7837.NEF,1.0025564222799288,-0.000357914153915851,-2.745569117262859,0.0021508351018439866,0.9966896929022279,-1.2213652921392002,6.67062258206911e-07,-1.950718967464162e-06,1.0
under_tree2,DSC_7838.NEF,0.9998296638330042,-0.00010431322777656885,-2.6226258655419374,0.0004664026569686235,0.9926957778918168,1.0395924834326178,4.974632037529487e-07,-5.356206997777747e-06,1.0
under_tree2,DSC_7839.NEF,1.0027834191751483,-0.0007268608005644911,-2.604969205454439,0.0013247653519212485,1.00103474611721,-1.730753632332787,1.264743447986438e-07,-9.856571928603862e-08,1.0
under_tree2,DSC_7840.NEF,1.001850074577377,-0.00047740924896346577,-2.596024377261097,0.0007945299479278553,1.0009132581561164,-1.3623741297340235,-4.0594465976668434e-08,-1.872310096490046e-07,1.0
under_tree2,DSC_7841.NEF,1.0015748385307042,0.0009231441434474647,-2.9771966383463733,0.0013171511838398781,0.9977494278863214,0.0532329594092475,4.7441721441732137e-07,-1.7101803316511067e-06,1.0
wall_art,DSC_8867.NEF,0.9996963124130653,-0.0002895200717092722,-0.7135967427257869,-0.00026204978530672165,0.9994853885277662,0.22838063306729567,-9.316592032244299e-08,-1.1568166517077045e-07,1.0
wall_art,DSC_8869.NEF,1.0002145174258188,-0.0005830392048629861,-0.4100343905006442,-0.0001545597682233098,0.9995468934851571,0.06878829507312954,6.526522940454966e-08,-1.6349474020224442e-07,1.0
wall_art,DSC_8870.NEF,1.0003991386708047,-0.0005607614197754327,-0.09964178965662834,-6.812005695473033e-05,1.0000757765501325,-0.854359647302279,2.0477734454370654e-07,-1.1042784618751728e-07,1.0
wall_art,DSC_8871.NEF,1.0007678598613505,-0.0002998250880244239,-1.0454041870749338,-0.00013066185929372167,1.0002098157292532,-0.1717110525273108,1.6052241545093933e-07,3.579262020847485e-08,1.0
wall_art,DSC_8872.NEF,1.000397515929869,-0.0003431869271534434,-0.3898018414540206,-0.0004751422161811258,1.0003121908381172,-0.4180991025941556,-2.8861433735945372e-08,1.1560645532366939e-07,0.9999999999999999
wall_art,DSC_8873.NEF,1.0001970094159305,-0.00028158542353032403,-1.0457346719813543,-4.9416102986700144e-05,0.9996076272953405,0.33313908440664514,2.3846516423899278e-09,-1.0429492921241456e-07,1.0
wall_art,DSC_8874.NEF,0.9996680204025642,-0.00044471786532460913,-0.9571961851422268,-0.0002092346829833157,0.9990263671833262,0.44379477629598363,-4.95553830119823e-08,-3.2784918762796204e-07,1.0
wall_art,DSC_8875.NEF,0.999640259169523,-0.0002374536517011285,-1.3591301954488395,-0.00019830965035055436,0.9995715629234546,0.501649772394893,-5.6692897402398844e-08,-1.3541676419084835e-07,1.0
wall_art,DSC_8876.NEF,1.0002623540295013,-0.00040050282547233855,-0.8206505560688776,0.0003458254486403376,0.9999557190089924,-0.4564766832973856,2.238908886174993e-07,-1.356445816510195e-07,1.0
wall_art,DSC_8878.NEF,1.0001761239048477,-0.00033780341833392476,-0.9887483341670221,-0.0003242171218484619,0.9995802010976367,0.556817864477687,1.9089905407111536e-07,-1.4132458083142532e-07,1.0
wall_art,DSC_8879.NEF,0.9996420778715519,-0.000450208922777322,-0.5553427302848785,-0.0002397910116997213,0.9993235856777212,-0.006525062387266599,-2.0064437457697238e-08,-2.3752901028524466e-07,1.0
wall_art,DSC_8880.NEF,0.9995441793314183,-0.0007262991517573725,-0.6227537877580249,-0.0003007303073833493,0.9987725676595871,0.8304581821695501,-2.322432456208822e-08,-4.382120888174477e-07,1.0
wall_art,DSC_8881.NEF,1.000403228934454,-0.0005121415536584228,-0.8381371766595601,0.000273827720795673,1.0000932372646842,-0.9560300614273832,3.1223244567337257e-07,-1.5139486773353528e-07,1.0
wall_art,DSC_8882.NEF,1.0001029247024056,-0.0003474654153677458,-1.0180208407172235,-0.00011837465615898885,0.9998896156456365,-0.7769551760506472,9.688658819139169e-08,-1.3947815430925737e-07,1.0
wall_art,DSC_8883.NEF,0.9997001072994541,-0.00010745223591251522,-1.3750633375523795,-0.00039760789461634375,0.9996036638373036,-1.431259041881265,-9.50983275087802e-08,-1.8167159349469325e-07,1.0
wall_art,DSC_8884.NEF,0.9998719926077554,-0.0001722984264503907,-1.1232194935422795,-0.00035115150501730566,0.9992176688546848,-1.7764206593010716,9.177061100194794e-09,-2.469961034659155e-07,1.0
wall_art,DSC_8885.NEF,1.0000634930427286,-0.0002766246057792441,-1.2246800511889033,-0.0003468983889066526,0.9995641964523863,-1.334934808050832,1.388850359566556e-09,-1.140933728319301e-07,1.0
wall_art,DSC_8886.NEF,1.000502699190062,-0.00012662879298455906,-2.595472593748663,-0.00014340722720408808,1.0001171562137532,-1.4550446135483106,6.955911574786261e-08,-1.882029389677015e-08,1.0
wall_hallway,DSC_6883.NEF,1.020357280564836,-0.009948383212965749,-57.71484474788099,0.005472266170175316,1.024518055215952,-59.67887462573932,9.037055786402819e-07,3.504747777705033e-06,1.0
wall_hallway,DSC_6884.NEF,1.0158292733585428,-0.010095017539232816,-48.26030130881936,0.004586802135633476,1.0154889341523359,-55.76662179884509,2.1925906009981529e-07,1.0116129874563828e-06,1.0
wall_hallway,DSC_6885.NEF,1.0178062553781928,-0.009601223991574044,-41.802465241324505,0.003849279520158224,1.0173000871098357,-58.70656776409956,-3.660815654403011e-08,1.6548732684790681e-06,0.9999999999999999
wall_hallway,DSC_6886.NEF,1.0166489878498024,-0.010068332128306531,-43.69307372102477,0.006298085624875733,1.0163577374030095,-56.5073048461131,1.1380357118220101e-06,1.2003520370187871e-06,1.0
wall_hallway,DSC_6887.NEF,1.0145403143169816,-0.00994991345693346,-45.00403931951385,-0.00032483211883927885,1.0137656791711747,-51.635215007716134,-1.6535817003031226e-06,9.482913242142293e-07,0.9999999999999999
wall_hallway,DSC_6888.NEF,1.0169776927062846,-0.009796880430274144,-44.90950134726686,0.0032385196350513987,1.0188873498252322,-57.98610788773794,-3.528349774905715e-07,2.1023085912816424e-06,1.0
wall_hallway,DSC_6889.NEF,1.0135734248277082,-0.010463736107647793,-43.759661262542764,0.0029362721841650966,1.0115192278718763,-51.68378286659382,-5.768594872921747e-07,2.946128518593509e-08,1.0
wall_hallway,DSC_6890.NEF,1.0138313778317052,-0.00961397647624099,-45.03942237739181,-0.0035903883363139844,1.0164144688810415,-51.5868940592989,-3.1974569046086828e-06,2.0623666219925137e-06,1.0
wall_hallway,DSC_6891.NEF,1.0167357675428774,-0.009909613940607905,-45.65660332336203,0.004470191817562649,1.0162923424323789,-55.16342052963926,4.2189826724289903e-07,1.2831767940188716e-06,1.0
wall_hallway,DSC_6892.NEF,1.0123404109577503,-0.010037094232591382,-44.64550567727071,-0.003784250650487572,1.0118811248987174,-47.536703790159414,-3.1460862103229034e-06,7.63601110519466e-07,0.9999999999999999
wall_hallway,DSC_6893.NEF,1.0168979210179159,-0.009856508192314938,-45.64548162531361,0.004570643869574174,1.0168055889287655,-56.13583333002048,7.07279834378026e-07,1.4033428104267215e-06,1.0
wall_hallway,DSC_6894.NEF,1.017610362150617,-0.009084602475834652,-48.14629567241627,-0.000866202123078904,1.0170739198435998,-53.03769612113801,-1.484285973348786e-06,1.997293226139007e-06,1.0
wall_hallway,DSC_6895.NEF,1.0156354160612484,-0.009433970914737196,-47.444839103060204,-0.003034985475912994,1.015612273964916,-50.55507499539806,-2.612197126148223e-06,1.7522149292564096e-06,1.0
wall_hallway,DSC_6896.NEF,1.0160411399996592,-0.009873103341581715,-46.77590044145348,0.0023691727439470655,1.0168107230284629,-54.7937503696298,-8.940409817179264e-07,1.596092763491265e-06,1.0
wall_hallway,DSC_6902.NEF,1.0191431585986819,-0.009295462415989199,-49.966216870397396,0.003737011926551522,1.0184284699025823,-56.367601307857036,6.488678225987963e-08,1.9017677220945835e-06,1.0
wall_hallway,DSC_6903.NEF,1.0150627185684948,-0.010136495977122207,-47.52698428571712,-0.004666025988879798,1.0144436188292727,-48.885529810001216,-2.961564678790377e-06,1.4257692031982808e-06,0.9999999999999999
wall_hallway,DSC_6904.NEF,1.0152482684855046,-0.010091176891274539,-47.951102905145795,0.004225687359867279,1.0143613449801958,-53.013413365367114,-3.132830214490244e-07,8.030004591900613e-07,0.9999999999999999
wall_hallway,DSC_6905.NEF,1.0126031145442238,-0.010336943655404543,-46.68584826054022,-0.0003316738577404426,1.0116054173011768,-48.83397415856512,-2.1062806721458674e-06,4.048262693269658e-07,0.9999999999999999
wall_hallway,DSC_6906.NEF,1.005206229811012,-0.011782197583477419,-43.13668513843954,-0.005476596644400526,0.9983369732058679,-30.985188561114064,-3.755084257013471e-06,-2.1771934009946173e-06,1.0
wall_hallway,DSC_6907.NEF,1.020085756411095,-0.009279293574275118,-50.48663246174214,0.004362434894382323,1.021703843923105,-58.65817643232183,7.101639472885016e-07,2.8383971648414867e-06,1.0
wall_lab,DSC_6635.NEF,0.9941879895533294,-0.0002979964434112541,78.75528052445499,-0.0008639280316533521,0.9981307820760567,0.21731176774147457,-1.341237377139568e-06,3.21000722892703e-07,0.9999999999999999
wall_lab,DSC_6636.NEF,0.9945750094403324,-0.0014151366224323945,78.63379113587361,-0.000947969115383896,0.9974721044606677,1.138720770788683,-1.2250365489990541e-06,-3.329220097452798e-08,1.0
wall_lab,DSC_6637.NEF,0.9945209441751338,-0.0025780211398471306,78.44435159223887,-0.0009133926633370901,0.9964362503623573,1.4086764664441134,-1.275382457107298e-06,-2.635560282424133e-07,0.9999999999999999
wall_lab,DSC_6638.NEF,0.9952694124887699,-0.0006112868953495201,77.46847595197546,-0.0010647421796679294,0.9983802551924548,1.2668779607104854,-1.1660265356911418e-06,1.4406582984622724e-07,0.9999999999999999
wall_lab,DSC_6639.NEF,0.9929133132810337,0.0002171974913961907,81.56888077455342,-0.0018737454111120906,0.9976107402965756,4.446968867763289,-1.4936252288017258e-06,3.3829308352872327e-07,1.0
wall_lab,DSC_6640.NEF,0.9938841909501046,-0.0027309693442113927,79.53367980664409,-0.0008024704386975146,0.9958771918462843,0.7704884429521955,-1.3955148488769244e-06,-3.194284130953643e-07,1.0
wall_lab,DSC_6641.NEF,0.9939095360285605,-0.0007252484189592117,78.78140507991355,-0.0013372264136626275,0.9971504806310894,2.6119976115873147,-1.414556416207734e-06,1.1181713346803133e-07,1.0
wall_lab,DSC_6642.NEF,0.9958623676380712,-0.0009629408173163486,76.07987081163121,-0.000973443067013245,0.9979454481355899,1.446221141027381,-1.0852686508965795e-06,3.3929446795523916e-08,1.0
wall_lab,DSC_6643.NEF,0.9943788252838248,-0.0008103379163771073,78.85529448160487,-0.0010670012462070432,0.997689841806305,1.3980994412360026,-1.278191556138186e-06,9.313229058686319e-08,0.9999999999999999
wall_lab,DSC_6644.NEF,0.9939455093047439,-0.002382914516934835,79.37129893748728,-0.000966527759590816,0.9962692948279259,1.5064274906546855,-1.3719981568779325e-06,-2.0628030148323243e-07,1.0
wall_lab,DSC_6645.NEF,0.9969700230454618,-0.001928355979016858,74.07440512000167,-0.0016922499177205858,0.9983583109846667,4.049481218049841,-9.787984209977382e-07,-5.4374351849502906e-08,1.0
wall_lab,DSC_6646.NEF,0.9972211587142022,-0.000644434002649687,73.77334964553447,-0.0010278013716678355,0.9991044807119187,1.299138606951408,-9.199346024047603e-07,1.5356014298863837e-07,1.0
wall_lab,DSC_6647.NEF,0.9896411377711374,-0.0011681086773401648,87.24263381599071,-0.001735285037110085,0.9948730748937314,4.549510442822463,-1.952125211219816e-06,5.118781402848983e-09,0.9999999999999999
wall_lab,DSC_6648.NEF,0.9943644328622158,-0.0009398997815766078,78.73210004964474,-0.0013440468186196885,0.9973359957354444,2.848899710322932,-1.316651039944157e-06,7.029390682366328e-08,1.0
wall_lab,DSC_6649.NEF,0.9961180703417835,-0.001268519659300008,74.73819220480559,-0.0017799523652927832,0.9981524206878601,4.552562020435634,-1.1325585899222137e-06,1.8198061246838095e-08,1.0
wall_lab,DSC_6650.NEF,0.9962536664854291,0.00013133371763580156,75.93858345772998,-0.0009369999238111123,0.9994080361004155,0.967725486389501,-1.0170113915474565e-06,4.10132457091955e-07,1.0
wall_lab,DSC_6651.NEF,1.0051514189825748,-0.0012341187636922511,61.98457702845704,-0.0013474786142617693,1.003282217884064,1.5204923524164036,2.5979633599658787e-07,1.2364287472677815e-08,1.0
wall_lab,DSC_6652.NEF,0.9739453911348219,0.01239778272009135,116.39945004566822,-0.001958464257342283,0.9880667494597314,3.6996217110287968,-4.03967906864531e-06,2.943587991275081e-06,1.0
wall_lab,DSC_6653.NEF,0.9896029030201777,-0.0012161331916483837,84.6533276959617,-0.0015735359511963784,0.995065766517985,2.579233281652348,-1.921797082744748e-06,-2.963874576880764e-08,1.0
wall_lab,DSC_6654.NEF,0.97708572318065,0.010012209005751456,106.12129477571096,-0.001419543232954677,0.9884378186970123,2.5056030411053873,-3.687535154814024e-06,2.7847917240961137e-06,1.0
